time,LAT,LATU,LOAT,LOATU
1850-01-01,0.749,1.105,12.833,0.367
1850-02-01,3.071,1.275,13.588,0.414
1850-03-01,4.954,0.955,14.043,0.341
1850-04-01,7.217,0.665,14.667,0.267
1850-05-01,10.004,0.617,15.507,0.249
1850-06-01,13.15,0.614,16.353,0.245
1850-07-01,14.492,0.614,16.783,0.238
1850-08-01,14.039,0.802,16.718,0.28
1850-09-01,11.505,0.675,15.886,0.254
1850-10-01,8.091,0.863,14.831,0.297
1850-11-01,4.733,1.149,13.897,0.368
1850-12-01,2.803,1.183,13.3,0.378
1851-01-01,2.431,1.122,13.245,0.362
1851-02-01,2.508,1.1,13.331,0.361
1851-03-01,4.192,0.971,13.897,0.33
1851-04-01,7.287,0.829,14.64,0.298
1851-05-01,11.113,0.936,15.771,0.322
1851-06-01,13.418,0.655,16.496,0.261
1851-07-01,14.531,0.606,16.831,0.244
1851-08-01,13.751,0.775,16.621,0.276
1851-09-01,11.677,0.581,16.058,0.25
1851-10-01,9.122,1.058,15.213,0.358
1851-11-01,4.973,0.968,14.161,0.344
1851-12-01,3.14,0.982,13.638,0.339
1852-01-01,2.376,1.389,13.231,0.438
1852-02-01,2.54,1.115,13.311,0.371
1852-03-01,3.884,0.915,13.736,0.317
1852-04-01,7.487,1.158,14.786,0.377
1852-05-01,11.169,0.855,15.899,0.298
1852-06-01,13.164,0.636,16.619,0.243
1852-07-01,14.512,0.778,16.984,0.278
1852-08-01,13.304,0.766,16.566,0.277
1852-09-01,11.478,0.689,16.038,0.261
1852-10-01,8.91,0.654,15.178,0.25
1852-11-01,4.593,0.693,13.948,0.26
1852-12-01,3.785,1.371,13.782,0.427
1853-01-01,1.786,1.108,13.143,0.356
1853-02-01,2.228,1.492,13.362,0.457
1853-03-01,4.078,0.918,14.033,0.306
1853-04-01,7.541,0.824,14.919,0.283
1853-05-01,10.975,0.743,15.793,0.261
1853-06-01,13.41,0.674,16.455,0.24
1853-07-01,14.645,0.659,16.999,0.238
1853-08-01,13.953,0.723,16.789,0.25
1853-09-01,11.71,0.749,15.942,0.259
1853-10-01,8.535,0.546,14.874,0.211
1853-11-01,4.783,0.868,13.829,0.29
1853-12-01,2.858,0.716,13.324,0.255
1854-01-01,1.281,0.977,12.983,0.313
1854-02-01,1.941,1.08,13.248,0.342
1854-03-01,4.698,0.789,14.089,0.267
1854-04-01,7.622,0.674,14.945,0.242
1854-05-01,11.095,0.638,15.793,0.233
1854-06-01,12.829,0.533,16.286,0.206
1854-07-01,14.692,0.85,16.775,0.282
1854-08-01,13.889,0.898,16.707,0.288
1854-09-01,11.514,0.552,16.098,0.21
1854-10-01,9.763,0.964,15.378,0.309
1854-11-01,5.745,0.786,14.123,0.261
1854-12-01,3.457,1.167,13.467,0.364
1855-01-01,2.522,1.465,13.384,0.442
1855-02-01,2.982,1.322,13.646,0.402
1855-03-01,4.617,0.898,14.172,0.294
1855-04-01,8.58,1.034,15.187,0.328
1855-05-01,11.186,0.799,15.822,0.267
1855-06-01,12.984,0.79,16.445,0.264
1855-07-01,13.926,0.635,16.675,0.225
1855-08-01,13.547,0.601,16.685,0.214
1855-09-01,11.141,0.638,15.829,0.226
1855-10-01,8.444,0.778,15.075,0.264
1855-11-01,5.186,0.69,14.118,0.246
1855-12-01,2.214,0.996,13.215,0.322
1856-01-01,2.76,0.752,13.368,0.261
1856-02-01,2.226,0.953,13.311,0.306
1856-03-01,4.372,0.735,13.957,0.252
1856-04-01,7.751,0.57,14.945,0.217
1856-05-01,10.53,0.915,15.813,0.296
1856-06-01,13.496,0.778,16.492,0.264
1856-07-01,14.019,0.422,16.675,0.185
1856-08-01,13.021,0.866,16.39,0.285
1856-09-01,10.948,0.884,15.641,0.289
1856-10-01,8.087,0.759,14.783,0.256
1856-11-01,5.36,0.577,13.856,0.211
1856-12-01,3.381,0.918,13.321,0.3
1857-01-01,1.821,0.924,12.972,0.3
1857-02-01,2.481,0.885,13.385,0.29
1857-03-01,4.312,0.844,13.916,0.278
1857-04-01,6.827,0.543,14.481,0.212
1857-05-01,9.885,0.681,15.279,0.241
1857-06-01,12.611,0.798,16.175,0.267
1857-07-01,13.953,0.792,16.478,0.266
1857-08-01,13.203,0.795,16.459,0.266
1857-09-01,11.056,0.672,15.84,0.241
1857-10-01,8.198,0.726,14.918,0.255
1857-11-01,5.236,0.636,13.829,0.241
1857-12-01,3.515,0.717,13.367,0.26
1858-01-01,2.739,1.094,13.221,0.347
1858-02-01,2.284,0.662,13.29,0.236
1858-03-01,4.834,0.757,14.044,0.255
1858-04-01,8.25,0.661,14.967,0.239
1858-05-01,10.851,0.624,15.541,0.231
1858-06-01,12.956,0.688,16.172,0.248
1858-07-01,13.677,0.754,16.51,0.266
1858-08-01,13.22,0.558,16.489,0.216
1858-09-01,11.148,0.517,15.833,0.213
1858-10-01,8.81,0.62,15.114,0.246
1858-11-01,5.99,0.774,14.134,0.276
1858-12-01,2.444,0.688,13.263,0.249
1859-01-01,2.015,1.007,13.058,0.326
1859-02-01,2.611,1,13.33,0.327
1859-03-01,5.023,0.916,14.104,0.312
1859-04-01,8.542,0.617,15.197,0.246
1859-05-01,11.456,0.616,15.868,0.238
1859-06-01,13.142,0.514,16.4,0.226
1859-07-01,13.827,0.567,16.494,0.234
1859-08-01,13.217,0.468,16.45,0.205
1859-09-01,11.08,0.365,15.589,0.204
1859-10-01,8.834,0.638,15.062,0.25
1859-11-01,5.912,0.572,14.094,0.244
1859-12-01,3.365,0.816,13.513,0.287
1860-01-01,2.077,0.86,13.17,0.294
1860-02-01,2.632,0.75,13.424,0.275
1860-03-01,3.494,0.87,13.714,0.302
1860-04-01,7.76,0.46,14.861,0.209
1860-05-01,11.062,0.744,15.758,0.276
1860-06-01,13.272,0.548,16.338,0.24
1860-07-01,14.203,0.471,16.737,0.221
1860-08-01,13.765,0.503,16.634,0.234
1860-09-01,11.892,0.535,16.133,0.242
1860-10-01,8.712,0.466,15.076,0.223
1860-11-01,5.027,0.555,13.922,0.233
1860-12-01,1.634,0.75,12.828,0.277
1861-01-01,0.404,0.846,12.475,0.299
1861-02-01,2.137,0.755,12.917,0.28
1861-03-01,4.489,0.759,13.824,0.3
1861-04-01,7.487,0.699,15.018,0.291
1861-05-01,10.516,0.538,15.489,0.277
1861-06-01,13.017,0.798,16.358,0.319
1861-07-01,13.967,0.477,16.547,0.261
1861-08-01,13.656,0.576,16.716,0.264
1861-09-01,11.409,0.501,15.927,0.243
1861-10-01,8.475,0.494,14.905,0.244
1861-11-01,5.707,0.482,14.095,0.24
1861-12-01,2.894,0.916,13.337,0.324
1862-01-01,0.685,1.105,12.658,0.378
1862-02-01,1.769,0.712,13.192,0.295
1862-03-01,4.485,0.661,14.044,0.284
1862-04-01,7.323,0.827,14.825,0.316
1862-05-01,10.739,0.58,15.708,0.26
1862-06-01,12.86,0.535,16.349,0.244
1862-07-01,13.928,0.445,16.593,0.232
1862-08-01,13.188,0.504,16.306,0.247
1862-09-01,11.028,0.519,15.788,0.245
1862-10-01,8.283,0.618,14.902,0.269
1862-11-01,4.792,0.751,13.784,0.31
1862-12-01,1.623,1.01,12.732,0.372
1863-01-01,3.034,1.228,13.296,0.417
1863-02-01,3.253,1.099,13.634,0.389
1863-03-01,4.682,0.783,14.006,0.312
1863-04-01,7.931,0.792,15.01,0.319
1863-05-01,11.081,0.687,15.823,0.281
1863-06-01,12.794,0.542,16.224,0.266
1863-07-01,13.765,0.642,16.575,0.301
1863-08-01,13.294,0.523,16.437,0.276
1863-09-01,11.23,0.556,15.898,0.283
1863-10-01,8.235,0.521,14.978,0.278
1863-11-01,5.392,0.515,13.992,0.287
1863-12-01,2.651,1.088,13.356,0.387
1864-01-01,1.551,0.876,12.879,0.332
1864-02-01,2.506,1.05,13.275,0.372
1864-03-01,4.651,0.767,13.99,0.307
1864-04-01,7.515,0.622,14.83,0.291
1864-05-01,10.956,0.531,15.851,0.282
1864-06-01,13.365,0.73,16.49,0.285
1864-07-01,14.162,0.57,16.715,0.256
1864-08-01,13.434,0.566,16.494,0.25
1864-09-01,11.37,0.546,15.85,0.271
1864-10-01,8.795,0.484,14.972,0.251
1864-11-01,5.232,0.699,14.141,0.281
1864-12-01,2.266,0.676,13.271,0.276
1865-01-01,2.975,0.956,13.503,0.348
1865-02-01,2.152,0.832,13.506,0.329
1865-03-01,4.039,0.768,13.914,0.323
1865-04-01,7.314,0.643,14.861,0.3
1865-05-01,10.917,0.488,15.756,0.27
1865-06-01,13.214,0.586,16.414,0.277
1865-07-01,14.22,0.542,16.749,0.292
1865-08-01,13.58,0.535,16.657,0.287
1865-09-01,11.797,0.554,16.082,0.29
1865-10-01,9.136,0.444,15.157,0.286
1865-11-01,6.144,0.71,14.101,0.316
1865-12-01,2.646,0.888,13.26,0.333
1866-01-01,2.932,0.861,13.467,0.325
1866-02-01,2.274,0.854,13.586,0.328
1866-03-01,4.421,0.711,13.95,0.309
1866-04-01,7.914,0.531,14.713,0.267
1866-05-01,10.898,0.566,15.63,0.279
1866-06-01,12.853,0.432,16.596,0.258
1866-07-01,14.602,0.44,17.06,0.259
1866-08-01,13.532,0.629,16.695,0.288
1866-09-01,11.527,0.496,15.918,0.272
1866-10-01,8.506,0.512,15.062,0.28
1866-11-01,5.895,0.526,14.275,0.269
1866-12-01,4.152,0.714,13.732,0.299
1867-01-01,2.482,0.941,13.371,0.364
1867-02-01,2.664,0.936,13.458,0.348
1867-03-01,4.454,0.65,14.073,0.267
1867-04-01,8.258,0.611,15.1,0.277
1867-05-01,10.495,0.414,15.56,0.241
1867-06-01,13.303,0.482,16.366,0.252
1867-07-01,14.223,0.401,16.672,0.244
1867-08-01,13.506,0.417,16.454,0.256
1867-09-01,11.763,0.458,16.147,0.254
1867-10-01,9.212,0.479,15.318,0.251
1867-11-01,6.939,0.784,14.632,0.31
1867-12-01,3.937,1.045,13.553,0.365
1868-01-01,1.834,0.795,13.012,0.304
1868-02-01,2.039,0.849,13.295,0.323
1868-03-01,4.538,0.578,14.135,0.256
1868-04-01,8.183,0.493,15.082,0.241
1868-05-01,11.308,0.494,15.992,0.241
1868-06-01,13.162,0.375,16.529,0.231
1868-07-01,14.514,0.431,17.025,0.226
1868-08-01,13.744,0.552,16.793,0.251
1868-09-01,11.669,0.418,16.107,0.217
1868-10-01,9.448,0.428,15.376,0.218
1868-11-01,5.192,0.504,14.174,0.224
1868-12-01,3.344,0.639,13.643,0.26
1869-01-01,2.115,1.028,13.289,0.35
1869-02-01,3.864,0.82,13.951,0.303
1869-03-01,4.374,0.631,13.947,0.255
1869-04-01,7.921,0.758,15.016,0.281
1869-05-01,11.295,0.642,15.896,0.254
1869-06-01,13.537,0.532,16.396,0.234
1869-07-01,14.337,0.449,16.667,0.218
1869-08-01,14.01,0.437,16.711,0.201
1869-09-01,12.247,0.382,16.18,0.193
1869-10-01,9.006,0.456,15.171,0.206
1869-11-01,5.773,0.499,14.255,0.216
1869-12-01,2.706,0.514,13.307,0.212
1870-01-01,2.082,0.808,13.304,0.277
1870-02-01,2.134,0.704,13.359,0.253
1870-03-01,4.656,0.568,14.139,0.22
1870-04-01,7.879,0.524,15.052,0.218
1870-05-01,11.339,0.579,15.826,0.235
1870-06-01,13.653,0.486,16.511,0.208
1870-07-01,14.599,0.4,16.86,0.19
1870-08-01,13.484,0.411,16.617,0.196
1870-09-01,11.952,0.412,16.073,0.195
1870-10-01,8.81,0.542,15.056,0.234
1870-11-01,5.6,0.529,14.079,0.229
1870-12-01,2.228,0.639,13.176,0.243
1871-01-01,1.447,0.793,13.089,0.287
1871-02-01,1.736,0.94,13.299,0.326
1871-03-01,4.685,0.649,14.223,0.251
1871-04-01,8.34,0.461,15.233,0.206
1871-05-01,10.788,0.451,15.77,0.205
1871-06-01,13.08,0.392,16.458,0.188
1871-07-01,14.29,0.382,16.858,0.193
1871-08-01,13.932,0.449,16.653,0.193
1871-09-01,11.711,0.516,16.02,0.219
1871-10-01,9.096,0.412,15.061,0.206
1871-11-01,5.113,0.825,13.972,0.285
1871-12-01,3.163,0.573,13.435,0.225
1872-01-01,1.652,0.996,13.041,0.325
1872-02-01,2.35,0.856,13.376,0.301
1872-03-01,4.922,0.611,14.107,0.239
1872-04-01,7.846,0.538,14.969,0.217
1872-05-01,11.198,0.503,15.927,0.21
1872-06-01,13.055,0.434,16.361,0.193
1872-07-01,14.285,0.478,16.843,0.205
1872-08-01,13.821,0.485,16.822,0.2
1872-09-01,11.958,0.368,16.173,0.178
1872-10-01,9.24,0.394,15.181,0.187
1872-11-01,5.372,0.493,14.101,0.209
1872-12-01,2.627,0.913,13.331,0.302
1873-01-01,2.013,0.706,13.353,0.251
1873-02-01,3.195,0.749,13.707,0.269
1873-03-01,4.704,0.696,14.151,0.253
1873-04-01,7.462,0.616,14.879,0.239
1873-05-01,11.006,0.42,15.821,0.204
1873-06-01,13.405,0.495,16.429,0.215
1873-07-01,14.287,0.407,16.805,0.194
1873-08-01,13.755,0.438,16.726,0.191
1873-09-01,11.487,0.436,15.965,0.189
1873-10-01,9.234,0.432,15.13,0.203
1873-11-01,5.819,0.545,14.094,0.215
1873-12-01,3.846,0.666,13.531,0.242
1874-01-01,2.685,0.825,13.392,0.283
1874-02-01,3.069,0.724,13.458,0.258
1874-03-01,4.221,0.592,13.807,0.225
1874-04-01,8.231,0.39,14.91,0.186
1874-05-01,11.306,0.411,15.75,0.207
1874-06-01,13.306,0.467,16.211,0.205
1874-07-01,14.122,0.419,16.745,0.197
1874-08-01,13.815,0.382,16.645,0.182
1874-09-01,12.111,0.366,16.122,0.178
1874-10-01,9.12,0.475,15.005,0.195
1874-11-01,5.809,0.626,14.013,0.23
1874-12-01,3.407,0.538,13.426,0.214
1875-01-01,1.533,0.672,13.027,0.246
1875-02-01,2.259,0.718,13.35,0.257
1875-03-01,4.256,0.461,13.974,0.2
1875-04-01,7.636,0.38,14.923,0.186
1875-05-01,10.746,0.376,15.792,0.183
1875-06-01,13.157,0.418,16.358,0.185
1875-07-01,14.144,0.397,16.683,0.175
1875-08-01,13.401,0.433,16.638,0.187
1875-09-01,11.319,0.394,16.059,0.186
1875-10-01,8.585,0.39,15.125,0.185
1875-11-01,4.614,0.366,13.905,0.182
1875-12-01,2.665,0.413,13.229,0.193
1876-01-01,1.856,0.503,13.1,0.209
1876-02-01,2.617,0.505,13.496,0.208
1876-03-01,4.748,0.515,14.047,0.21
1876-04-01,8.199,0.412,14.95,0.193
1876-05-01,10.69,0.513,15.57,0.204
1876-06-01,13.131,0.28,16.29,0.154
1876-07-01,14.319,0.369,16.848,0.173
1876-08-01,13.481,0.407,16.579,0.186
1876-09-01,11.687,0.377,15.89,0.2
1876-10-01,8.946,0.327,15.047,0.175
1876-11-01,5.093,0.414,13.903,0.187
1876-12-01,2.194,0.58,13.193,0.221
1877-01-01,2.286,0.708,13.306,0.249
1877-02-01,2.928,0.584,13.732,0.232
1877-03-01,5.297,0.487,14.459,0.204
1877-04-01,8.039,0.429,15.126,0.197
1877-05-01,11.056,0.4,15.854,0.185
1877-06-01,13.384,0.464,16.594,0.2
1877-07-01,14.642,0.402,17.004,0.183
1877-08-01,14.151,0.383,17.076,0.174
1877-09-01,12.075,0.418,16.437,0.187
1877-10-01,9.273,0.273,15.536,0.165
1877-11-01,6.348,0.479,14.564,0.195
1877-12-01,2.996,0.444,13.704,0.19
1878-01-01,2.017,0.461,13.538,0.191
1878-02-01,3.728,0.563,14.177,0.214
1878-03-01,6.608,0.477,14.882,0.203
1878-04-01,8.899,0.431,15.573,0.185
1878-05-01,11.017,0.419,16.016,0.188
1878-06-01,13.796,0.38,16.711,0.185
1878-07-01,14.742,0.378,16.999,0.183
1878-08-01,14.094,0.465,16.905,0.184
1878-09-01,12.093,0.375,16.267,0.177
1878-10-01,9.173,0.306,15.307,0.165
1878-11-01,6.446,0.429,14.388,0.184
1878-12-01,3.344,0.415,13.526,0.176
1879-01-01,2.303,0.658,13.349,0.23
1879-02-01,2.737,0.672,13.63,0.233
1879-03-01,4.924,0.461,14.34,0.183
1879-04-01,7.768,0.458,14.987,0.182
1879-05-01,10.803,0.388,15.807,0.164
1879-06-01,13.23,0.459,16.501,0.176
1879-07-01,14.238,0.379,16.746,0.164
1879-08-01,13.245,0.426,16.635,0.171
1879-09-01,11.449,0.357,16.007,0.163
1879-10-01,9.229,0.331,15.25,0.156
1879-11-01,5.526,0.376,14.203,0.168
1879-12-01,2.538,0.596,13.318,0.211
1880-01-01,1.755,0.572,13.129,0.204
1880-02-01,2.052,0.491,13.407,0.187
1880-03-01,4.63,0.468,14.273,0.186
1880-04-01,7.559,0.456,15.008,0.194
1880-05-01,11.096,0.389,15.85,0.172
1880-06-01,13.327,0.436,16.4,0.175
1880-07-01,14.141,0.396,16.687,0.167
1880-08-01,13.807,0.384,16.695,0.163
1880-09-01,11.386,0.289,15.918,0.148
1880-10-01,8.673,0.296,15.024,0.149
1880-11-01,5.893,0.386,14.233,0.162
1880-12-01,3.106,0.416,13.48,0.168
1881-01-01,2.461,0.634,13.396,0.221
1881-02-01,2.626,0.595,13.625,0.21
1881-03-01,5.01,0.52,14.355,0.193
1881-04-01,8.323,0.362,15.267,0.157
1881-05-01,11.165,0.406,15.999,0.172
1881-06-01,12.745,0.357,16.329,0.164
1881-07-01,14.203,0.344,16.783,0.155
1881-08-01,13.71,0.376,16.665,0.154
1881-09-01,11.689,0.287,15.982,0.141
1881-10-01,8.851,0.315,15.115,0.148
1881-11-01,5.272,0.397,14.019,0.157
1881-12-01,3.196,0.439,13.511,0.169
1882-01-01,2.99,0.486,13.632,0.18
1882-02-01,3.231,0.427,13.843,0.172
1882-03-01,5.04,0.498,14.339,0.185
1882-04-01,7.691,0.369,15.031,0.156
1882-05-01,10.888,0.337,15.816,0.151
1882-06-01,12.805,0.298,16.356,0.142
1882-07-01,13.747,0.334,16.634,0.148
1882-08-01,13.703,0.433,16.678,0.171
1882-09-01,11.736,0.287,16.108,0.141
1882-10-01,8.445,0.327,15.022,0.151
1882-11-01,5.066,0.359,14.033,0.157
1882-12-01,2.205,0.404,13.187,0.167
1883-01-01,1.46,0.53,13.106,0.19
1883-02-01,1.856,0.498,13.358,0.18
1883-03-01,4.929,0.421,14.236,0.162
1883-04-01,7.691,0.424,14.916,0.166
1883-05-01,10.832,0.354,15.825,0.153
1883-06-01,13.302,0.294,16.512,0.139
1883-07-01,14.011,0.355,16.664,0.146
1883-08-01,13.224,0.34,16.538,0.136
1883-09-01,11.343,0.327,15.956,0.137
1883-10-01,8.909,0.249,15.054,0.123
1883-11-01,4.905,0.293,13.943,0.135
1883-12-01,3.261,0.363,13.451,0.147
1884-01-01,2.12,0.472,13.279,0.17
1884-02-01,2.474,0.486,13.6,0.176
1884-03-01,3.892,0.476,13.914,0.174
1884-04-01,7.186,0.311,14.744,0.136
1884-05-01,10.198,0.353,15.558,0.14
1884-06-01,12.527,0.382,16.185,0.144
1884-07-01,13.622,0.375,16.434,0.143
1884-08-01,13.257,0.41,16.408,0.151
1884-09-01,11.235,0.392,15.826,0.148
1884-10-01,8.581,0.307,14.954,0.13
1884-11-01,5.164,0.383,13.827,0.144
1884-12-01,3.028,0.408,13.27,0.152
1885-01-01,1.003,0.664,12.889,0.215
1885-02-01,2.243,0.578,13.327,0.192
1885-03-01,4.622,0.381,14.021,0.146
1885-04-01,7.336,0.398,14.747,0.148
1885-05-01,10.567,0.391,15.565,0.145
1885-06-01,12.716,0.304,16.105,0.129
1885-07-01,13.972,0.369,16.601,0.142
1885-08-01,13.351,0.445,16.438,0.157
1885-09-01,11.435,0.365,15.907,0.14
1885-10-01,8.722,0.347,15.054,0.137
1885-11-01,5.425,0.377,14.057,0.143
1885-12-01,3.644,0.481,13.542,0.165
1886-01-01,1.436,0.545,13.001,0.181
1886-02-01,1.793,0.453,13.176,0.16
1886-03-01,4.262,0.346,13.888,0.135
1886-04-01,7.909,0.299,14.841,0.129
1886-05-01,10.784,0.468,15.837,0.165
1886-06-01,12.789,0.318,16.197,0.127
1886-07-01,14.226,0.354,16.622,0.138
1886-08-01,13.323,0.369,16.458,0.137
1886-09-01,11.6,0.323,15.831,0.131
1886-10-01,8.604,0.355,14.979,0.139
1886-11-01,5.226,0.353,13.877,0.141
1886-12-01,3.502,0.449,13.316,0.161
1887-01-01,0.824,0.568,12.62,0.187
1887-02-01,2.054,0.464,13.096,0.166
1887-03-01,4.552,0.433,13.946,0.16
1887-04-01,7.789,0.333,14.941,0.141
1887-05-01,10.84,0.396,15.651,0.153
1887-06-01,12.89,0.327,16.214,0.136
1887-07-01,14.021,0.343,16.63,0.137
1887-08-01,13.097,0.358,16.372,0.138
1887-09-01,11.707,0.378,15.916,0.147
1887-10-01,8.738,0.263,14.983,0.126
1887-11-01,5.592,0.382,14.037,0.145
1887-12-01,2.875,0.46,13.386,0.166
1888-01-01,1.708,0.375,13.132,0.148
1888-02-01,2.039,0.456,13.32,0.165
1888-03-01,4.3,0.401,13.972,0.152
1888-04-01,7.845,0.429,14.938,0.157
1888-05-01,10.62,0.389,15.73,0.152
1888-06-01,12.921,0.395,16.36,0.153
1888-07-01,14.242,0.321,16.686,0.135
1888-08-01,13.511,0.436,16.611,0.158
1888-09-01,11.685,0.344,15.995,0.142
1888-10-01,9.201,0.286,15.318,0.131
1888-11-01,5.792,0.361,14.259,0.144
1888-12-01,3.222,0.396,13.608,0.154
1889-01-01,1.762,0.458,13.417,0.168
1889-02-01,3.409,0.399,13.954,0.156
1889-03-01,5.299,0.419,14.446,0.165
1889-04-01,8.589,0.332,15.305,0.146
1889-05-01,11.242,0.372,15.915,0.153
1889-06-01,13.288,0.275,16.498,0.132
1889-07-01,14.225,0.327,16.796,0.144
1889-08-01,13.504,0.383,16.604,0.153
1889-09-01,11.547,0.339,15.913,0.146
1889-10-01,8.865,0.282,15.116,0.139
1889-11-01,4.999,0.44,13.996,0.169
1889-12-01,3.099,0.412,13.401,0.158
1890-01-01,1.836,0.401,13.068,0.157
1890-02-01,2.516,0.373,13.394,0.157
1890-03-01,4.21,0.377,13.891,0.158
1890-04-01,7.739,0.357,14.875,0.153
1890-05-01,10.464,0.373,15.624,0.156
1890-06-01,12.872,0.352,16.25,0.147
1890-07-01,14.034,0.354,16.528,0.153
1890-08-01,13.266,0.352,16.427,0.148
1890-09-01,11.546,0.324,15.842,0.145
1890-10-01,9.178,0.238,15.02,0.135
1890-11-01,5.03,0.273,13.803,0.138
1890-12-01,2.969,0.342,13.367,0.149
1891-01-01,1.678,0.351,13.037,0.155
1891-02-01,1.88,0.398,13.298,0.165
1891-03-01,4.755,0.331,14.191,0.153
1891-04-01,7.618,0.284,14.918,0.147
1891-05-01,10.785,0.388,15.844,0.162
1891-06-01,12.888,0.253,16.297,0.137
1891-07-01,13.93,0.338,16.62,0.155
1891-08-01,13.496,0.365,16.549,0.162
1891-09-01,11.763,0.264,16.07,0.14
1891-10-01,8.722,0.281,15.023,0.147
1891-11-01,5.115,0.353,13.92,0.151
1891-12-01,3.602,0.418,13.559,0.169
1892-01-01,2.018,0.399,13.264,0.162
1892-02-01,2.805,0.326,13.667,0.146
1892-03-01,4.362,0.39,13.979,0.158
1892-04-01,7.562,0.301,14.804,0.149
1892-05-01,10.622,0.36,15.655,0.158
1892-06-01,13.263,0.279,16.303,0.149
1892-07-01,13.89,0.328,16.476,0.157
1892-08-01,13.42,0.353,16.39,0.155
1892-09-01,11.764,0.26,15.998,0.145
1892-10-01,9.29,0.268,15.126,0.147
1892-11-01,4.859,0.331,13.732,0.156
1892-12-01,2.935,0.471,13.196,0.19
1893-01-01,0.5,0.488,12.702,0.186
1893-02-01,1.654,0.365,13.23,0.161
1893-03-01,4.979,0.4,14.111,0.163
1893-04-01,7.994,0.294,14.871,0.147
1893-05-01,10.747,0.365,15.662,0.155
1893-06-01,13.051,0.287,16.382,0.144
1893-07-01,14.318,0.339,16.788,0.155
1893-08-01,13.454,0.367,16.65,0.153
1893-09-01,11.767,0.295,15.932,0.139
1893-10-01,9.16,0.263,15.152,0.139
1893-11-01,5.902,0.281,14.079,0.144
1893-12-01,3.155,0.399,13.388,0.165
1894-01-01,1.691,0.372,13.039,0.159
1894-02-01,2.923,0.354,13.455,0.155
1894-03-01,5.118,0.398,14.08,0.167
1894-04-01,7.663,0.355,14.794,0.156
1894-05-01,10.944,0.293,15.656,0.148
1894-06-01,12.858,0.276,16.226,0.142
1894-07-01,14.004,0.311,16.687,0.156
1894-08-01,13.488,0.364,16.565,0.151
1894-09-01,11.58,0.279,15.927,0.141
1894-10-01,9.125,0.223,15.165,0.134
1894-11-01,5.405,0.282,14.036,0.146
1894-12-01,3.133,0.3,13.347,0.149
1895-01-01,1.295,0.28,13.084,0.14
1895-02-01,2,0.329,13.303,0.153
1895-03-01,4.689,0.318,13.989,0.157
1895-04-01,8.247,0.285,15.005,0.154
1895-05-01,10.867,0.321,15.703,0.158
1895-06-01,13.058,0.266,16.352,0.141
1895-07-01,14.053,0.312,16.716,0.153
1895-08-01,13.489,0.36,16.612,0.151
1895-09-01,11.743,0.294,15.981,0.141
1895-10-01,9.117,0.224,15.151,0.125
1895-11-01,5.744,0.268,14.219,0.138
1895-12-01,3.462,0.334,13.513,0.151
1896-01-01,2.291,0.392,13.366,0.162
1896-02-01,2.707,0.288,13.576,0.146
1896-03-01,4.279,0.302,14.047,0.145
1896-04-01,7.33,0.347,14.895,0.16
1896-05-01,10.893,0.339,15.817,0.16
1896-06-01,13.304,0.267,16.515,0.14
1896-07-01,14.233,0.328,16.866,0.151
1896-08-01,13.624,0.369,16.762,0.157
1896-09-01,11.824,0.277,16.143,0.142
1896-10-01,9.416,0.229,15.27,0.13
1896-11-01,5.366,0.296,14.187,0.141
1896-12-01,3.312,0.272,13.643,0.142
1897-01-01,1.893,0.36,13.312,0.161
1897-02-01,2.429,0.281,13.555,0.145
1897-03-01,4.345,0.29,14.152,0.155
1897-04-01,8.278,0.277,15.217,0.143
1897-05-01,11.377,0.306,16.02,0.145
1897-06-01,13.319,0.355,16.505,0.155
1897-07-01,14.31,0.37,16.783,0.161
1897-08-01,13.668,0.392,16.676,0.161
1897-09-01,11.925,0.254,16.068,0.133
1897-10-01,9.197,0.251,15.168,0.135
1897-11-01,5.608,0.349,14.047,0.153
1897-12-01,3.171,0.281,13.401,0.145
1898-01-01,2.737,0.31,13.396,0.149
1898-02-01,2.354,0.314,13.364,0.149
1898-03-01,3.751,0.271,13.749,0.143
1898-04-01,7.907,0.337,14.868,0.155
1898-05-01,10.835,0.306,15.621,0.144
1898-06-01,13.395,0.421,16.393,0.164
1898-07-01,14.138,0.367,16.627,0.154
1898-08-01,13.579,0.414,16.512,0.161
1898-09-01,11.753,0.322,15.914,0.149
1898-10-01,8.828,0.247,14.915,0.131
1898-11-01,5.452,0.274,13.933,0.139
1898-12-01,3.407,0.325,13.351,0.144
1899-01-01,2.515,0.326,13.306,0.147
1899-02-01,2.38,0.42,13.399,0.167
1899-03-01,4.618,0.293,14.003,0.143
1899-04-01,8.281,0.345,15.026,0.153
1899-05-01,11.023,0.31,15.836,0.143
1899-06-01,12.856,0.29,16.243,0.141
1899-07-01,14.159,0.333,16.689,0.15
1899-08-01,13.777,0.394,16.746,0.157
1899-09-01,12.128,0.282,16.178,0.138
1899-10-01,9.409,0.252,15.287,0.134
1899-11-01,6.605,0.31,14.455,0.144
1899-12-01,3.005,0.342,13.412,0.153
1/1/1900,1.461,0.276,13.142,0.142
2/1/1900,3.098,0.416,13.777,0.173
3/1/1900,5.492,0.261,14.4,0.141
4/1/1900,8.223,0.292,15.17,0.151
5/1/1900,11.385,0.357,15.955,0.159
6/1/1900,13.293,0.282,16.515,0.147
7/1/1900,14.171,0.345,16.785,0.154
8/1/1900,13.816,0.383,16.699,0.159
9/1/1900,11.955,0.293,16.124,0.147
10/1/1900,9.666,0.255,15.373,0.14
11/1/1900,5.804,0.276,14.189,0.137
12/1/1900,3.655,0.341,13.598,0.153
1/1/1901,2.191,0.291,13.29,0.141
2/1/1901,3.092,0.418,13.66,0.163
3/1/1901,5.671,0.251,14.383,0.138
4/1/1901,8.522,0.326,15.22,0.151
5/1/1901,11.178,0.339,15.936,0.154
6/1/1901,13.423,0.283,16.441,0.145
7/1/1901,14.339,0.35,16.718,0.158
8/1/1901,13.789,0.343,16.663,0.148
9/1/1901,11.984,0.305,16.001,0.14
10/1/1901,9.003,0.239,15.087,0.138
11/1/1901,5.976,0.263,14.101,0.137
12/1/1901,3.335,0.267,13.38,0.136
1/1/1902,2.684,0.256,13.302,0.13
2/1/1902,3.606,0.354,13.691,0.148
3/1/1902,4.883,0.228,14.1,0.127
4/1/1902,7.956,0.321,14.958,0.141
5/1/1902,10.893,0.341,15.719,0.145
6/1/1902,13.214,0.264,16.284,0.129
7/1/1902,14.231,0.356,16.69,0.145
8/1/1902,13.599,0.357,16.591,0.144
9/1/1902,11.799,0.289,16.032,0.134
10/1/1902,8.801,0.21,14.991,0.121
11/1/1902,5.274,0.267,13.902,0.128
12/1/1902,2.713,0.27,13.24,0.134
1/1/1903,2.514,0.224,13.275,0.128
2/1/1903,3.555,0.247,13.668,0.132
3/1/1903,4.93,0.212,14.05,0.124
4/1/1903,7.832,0.292,14.801,0.136
5/1/1903,10.794,0.305,15.645,0.139
6/1/1903,12.886,0.268,16.161,0.127
7/1/1903,13.992,0.366,16.496,0.146
8/1/1903,13.412,0.377,16.304,0.146
9/1/1903,11.501,0.36,15.771,0.145
10/1/1903,8.812,0.202,14.835,0.118
11/1/1903,5.516,0.268,13.828,0.132
12/1/1903,2.898,0.359,13.205,0.145
1/1/1904,1.637,0.387,12.957,0.152
2/1/1904,2.297,0.348,13.154,0.147
3/1/1904,4.506,0.268,13.859,0.133
4/1/1904,7.684,0.284,14.755,0.137
5/1/1904,10.84,0.287,15.573,0.133
6/1/1904,13.014,0.248,16.207,0.128
7/1/1904,13.836,0.296,16.525,0.134
8/1/1904,13.459,0.327,16.403,0.137
9/1/1904,11.381,0.265,15.768,0.129
10/1/1904,8.833,0.212,14.947,0.118
11/1/1904,6.23,0.224,14.144,0.119
12/1/1904,3.374,0.291,13.433,0.13
1/1/1905,2.254,0.345,13.205,0.14
2/1/1905,1.927,0.303,13.206,0.137
3/1/1905,4.635,0.235,14.035,0.125
4/1/1905,7.755,0.255,14.857,0.128
5/1/1905,10.982,0.28,15.788,0.131
6/1/1905,13.112,0.264,16.379,0.125
7/1/1905,14.077,0.307,16.651,0.133
8/1/1905,13.578,0.327,16.558,0.134
9/1/1905,11.804,0.252,16.004,0.123
10/1/1905,9.041,0.239,15.091,0.122
11/1/1905,6.183,0.282,14.232,0.127
12/1/1905,3.354,0.256,13.45,0.123
1/1/1906,2.068,0.313,13.25,0.137
2/1/1906,2.301,0.323,13.502,0.135
3/1/1906,4.866,0.2,14.245,0.117
4/1/1906,8.626,0.242,15.23,0.122
5/1/1906,11.24,0.29,15.769,0.132
6/1/1906,13.334,0.289,16.436,0.127
7/1/1906,14.122,0.323,16.662,0.137
8/1/1906,13.691,0.34,16.593,0.134
9/1/1906,11.772,0.237,15.95,0.122
10/1/1906,9.267,0.182,15.152,0.116
11/1/1906,5.501,0.192,14.054,0.116
12/1/1906,3.761,0.368,13.54,0.148
1/1/1907,1.798,0.274,13.108,0.128
2/1/1907,2.117,0.268,13.257,0.129
3/1/1907,4.575,0.209,14.15,0.123
4/1/1907,7.579,0.263,14.918,0.133
5/1/1907,10.375,0.28,15.602,0.132
6/1/1907,12.729,0.267,16.253,0.13
7/1/1907,13.769,0.307,16.596,0.133
8/1/1907,13.362,0.326,16.456,0.132
9/1/1907,11.665,0.243,15.902,0.119
10/1/1907,9.234,0.191,15.159,0.115
11/1/1907,5.207,0.207,13.872,0.115
12/1/1907,2.956,0.251,13.225,0.121
1/1/1908,2.304,0.252,13.16,0.123
2/1/1908,2.769,0.269,13.441,0.124
3/1/1908,4.136,0.317,13.783,0.137
4/1/1908,7.832,0.295,14.801,0.129
5/1/1908,11.141,0.285,15.757,0.13
6/1/1908,13.293,0.248,16.289,0.119
7/1/1908,14.197,0.303,16.618,0.129
8/1/1908,13.376,0.336,16.365,0.134
9/1/1908,11.977,0.252,15.93,0.119
10/1/1908,8.865,0.209,14.883,0.112
11/1/1908,5.272,0.221,13.842,0.116
12/1/1908,3.071,0.31,13.189,0.129
1/1/1909,1.395,0.314,12.839,0.132
2/1/1909,2.706,0.273,13.35,0.125
3/1/1909,4.589,0.249,13.852,0.122
4/1/1909,7.534,0.269,14.719,0.122
5/1/1909,10.611,0.3,15.6,0.127
6/1/1909,12.962,0.232,16.191,0.114
7/1/1909,14.06,0.299,16.437,0.123
8/1/1909,13.752,0.319,16.496,0.126
9/1/1909,11.879,0.237,15.849,0.112
10/1/1909,9.192,0.178,14.941,0.102
11/1/1909,6.236,0.205,13.993,0.108
12/1/1909,3.223,0.278,13.217,0.121
1/1/1910,2.333,0.24,13.139,0.114
2/1/1910,2.779,0.273,13.317,0.122
3/1/1910,4.606,0.213,13.872,0.112
4/1/1910,8.105,0.252,14.845,0.12
5/1/1910,11.005,0.31,15.712,0.128
6/1/1910,13.151,0.232,16.264,0.11
7/1/1910,14.279,0.322,16.543,0.13
8/1/1910,13.677,0.321,16.477,0.126
9/1/1910,11.733,0.243,15.875,0.112
10/1/1910,9.006,0.203,15.019,0.105
11/1/1910,5.318,0.223,13.75,0.109
12/1/1910,2.684,0.289,13.016,0.123
1/1/1911,1.66,0.33,12.908,0.128
2/1/1911,2.453,0.214,13.164,0.107
3/1/1911,4.347,0.199,13.752,0.108
4/1/1911,7.99,0.248,14.716,0.115
5/1/1911,10.829,0.279,15.497,0.119
6/1/1911,13.009,0.231,16.108,0.108
7/1/1911,14.082,0.292,16.431,0.122
8/1/1911,13.499,0.329,16.387,0.126
9/1/1911,11.638,0.233,15.799,0.118
10/1/1911,9.263,0.193,15.063,0.108
11/1/1911,5.964,0.184,14.062,0.108
12/1/1911,3.39,0.242,13.425,0.115
1/1/1912,2.402,0.309,13.249,0.125
2/1/1912,3.354,0.251,13.595,0.115
3/1/1912,4.356,0.226,13.995,0.115
4/1/1912,8.229,0.262,15.065,0.118
5/1/1912,11.254,0.308,15.813,0.126
6/1/1912,13.435,0.25,16.397,0.113
7/1/1912,13.723,0.293,16.509,0.12
8/1/1912,13.053,0.318,16.309,0.125
9/1/1912,11.222,0.252,15.685,0.117
10/1/1912,8.367,0.201,14.751,0.108
11/1/1912,5.521,0.188,13.928,0.107
12/1/1912,3.069,0.243,13.23,0.114
1/1/1913,2.083,0.295,13.066,0.122
2/1/1913,2.376,0.295,13.344,0.122
3/1/1913,4.517,0.219,13.953,0.11
4/1/1913,8.023,0.246,14.957,0.117
5/1/1913,10.745,0.288,15.679,0.123
6/1/1913,13.005,0.266,16.216,0.117
7/1/1913,14.137,0.298,16.552,0.122
8/1/1913,13.724,0.325,16.496,0.126
9/1/1913,11.759,0.237,15.867,0.111
10/1/1913,9.077,0.194,15.028,0.104
11/1/1913,6.024,0.213,14.123,0.111
12/1/1913,4.103,0.271,13.624,0.12
1/1/1914,3.376,0.307,13.545,0.128
2/1/1914,3.2,0.225,13.576,0.111
3/1/1914,4.942,0.221,14.103,0.116
4/1/1914,8.098,0.244,15.018,0.119
5/1/1914,11.285,0.284,15.857,0.127
6/1/1914,13.496,0.233,16.421,0.114
7/1/1914,14.298,0.307,16.653,0.131
8/1/1914,13.73,0.318,16.692,0.132
9/1/1914,11.915,0.23,16.075,0.137
10/1/1914,9.387,0.183,15.223,0.124
11/1/1914,5.759,0.195,14.155,0.125
12/1/1914,3.6,0.276,13.597,0.139
1/1/1915,2.299,0.246,13.32,0.134
2/1/1915,3.265,0.261,13.675,0.137
3/1/1915,5.143,0.209,14.32,0.131
4/1/1915,8.705,0.251,15.292,0.135
5/1/1915,11.493,0.286,16.067,0.138
6/1/1915,13.3,0.249,16.445,0.133
7/1/1915,14.443,0.295,16.817,0.145
8/1/1915,13.77,0.326,16.802,0.144
9/1/1915,11.867,0.259,16.102,0.135
10/1/1915,8.984,0.19,15.093,0.125
11/1/1915,6.216,0.185,14.254,0.127
12/1/1915,3.633,0.197,13.538,0.127
1/1/1916,2.616,0.242,13.294,0.134
2/1/1916,2.957,0.264,13.581,0.134
3/1/1916,4.846,0.307,14.121,0.142
4/1/1916,8.047,0.257,14.975,0.134
5/1/1916,10.972,0.294,15.779,0.139
6/1/1916,12.942,0.232,16.29,0.126
7/1/1916,14.052,0.301,16.599,0.145
8/1/1916,13.58,0.323,16.511,0.142
9/1/1916,11.726,0.247,15.927,0.132
10/1/1916,9.053,0.218,14.919,0.128
11/1/1916,5.596,0.214,13.814,0.131
12/1/1916,2.316,0.226,13.006,0.131
1/1/1917,2.133,0.252,12.84,0.138
2/1/1917,2.36,0.314,13.099,0.151
3/1/1917,4.488,0.231,13.801,0.136
4/1/1917,7.855,0.272,14.815,0.142
5/1/1917,10.443,0.294,15.537,0.143
6/1/1917,12.915,0.243,16.239,0.132
7/1/1917,14.259,0.296,16.706,0.144
8/1/1917,13.471,0.319,16.58,0.149
9/1/1917,11.745,0.242,16.058,0.142
10/1/1917,8.544,0.173,14.942,0.126
11/1/1917,5.82,0.226,14.002,0.138
12/1/1917,2.247,0.266,13.098,0.145
1/1/1918,1.934,0.251,13.129,0.141
2/1/1918,2.455,0.342,13.312,0.156
3/1/1918,4.811,0.257,14.034,0.147
4/1/1918,7.644,0.258,14.794,0.148
5/1/1918,10.54,0.304,15.733,0.156
6/1/1918,12.908,0.242,16.306,0.14
7/1/1918,14.002,0.301,16.596,0.149
8/1/1918,13.431,0.329,16.552,0.147
9/1/1918,11.881,0.256,16.074,0.147
10/1/1918,9.433,0.209,15.252,0.144
11/1/1918,5.683,0.225,14.297,0.148
12/1/1918,2.848,0.245,13.439,0.155
1/1/1919,2.184,0.252,13.309,0.152
2/1/1919,2.852,0.285,13.678,0.151
3/1/1919,4.743,0.27,14.22,0.148
4/1/1919,8.487,0.292,15.253,0.15
5/1/1919,10.969,0.286,15.847,0.14
6/1/1919,13.228,0.241,16.375,0.132
7/1/1919,14.274,0.299,16.582,0.144
8/1/1919,13.786,0.335,16.498,0.153
9/1/1919,11.99,0.25,16.025,0.141
10/1/1919,9.361,0.216,15.117,0.129
11/1/1919,5.489,0.23,13.914,0.136
12/1/1919,3.224,0.245,13.263,0.138
1/1/1920,2.841,0.25,13.257,0.137
2/1/1920,2.755,0.268,13.347,0.136
3/1/1920,5.227,0.231,14.25,0.138
4/1/1920,8.293,0.272,15.079,0.145
5/1/1920,11.131,0.31,15.855,0.141
6/1/1920,13.105,0.245,16.415,0.131
7/1/1920,14.245,0.305,16.693,0.143
8/1/1920,13.698,0.343,16.626,0.143
9/1/1920,11.794,0.258,16.117,0.133
10/1/1920,9.021,0.212,15.206,0.125
11/1/1920,5.566,0.229,14.159,0.128
12/1/1920,2.629,0.229,13.311,0.127
1/1/1921,2.98,0.32,13.439,0.146
2/1/1921,3.125,0.236,13.622,0.129
3/1/1921,5.081,0.276,14.128,0.137
4/1/1921,8.324,0.262,15.005,0.129
5/1/1921,11.245,0.282,15.826,0.129
6/1/1921,13.44,0.239,16.49,0.122
7/1/1921,14.436,0.302,16.783,0.136
8/1/1921,13.561,0.326,16.618,0.137
9/1/1921,11.869,0.24,16.166,0.125
10/1/1921,9.264,0.188,15.285,0.117
11/1/1921,5.864,0.198,14.236,0.12
12/1/1921,3.663,0.213,13.627,0.123
1/1/1922,2.15,0.214,13.177,0.121
2/1/1922,2.376,0.271,13.453,0.128
3/1/1922,5.156,0.223,14.245,0.121
4/1/1922,8.38,0.276,15.168,0.127
5/1/1922,11.097,0.285,15.778,0.13
6/1/1922,13.331,0.241,16.406,0.117
7/1/1922,14.278,0.306,16.745,0.13
8/1/1922,13.584,0.333,16.532,0.134
9/1/1922,11.775,0.255,15.981,0.121
10/1/1922,9.056,0.219,15.043,0.12
11/1/1922,6.046,0.246,14.117,0.121
12/1/1922,3.667,0.234,13.503,0.119
1/1/1923,2.487,0.276,13.24,0.127
2/1/1923,2.563,0.262,13.358,0.124
3/1/1923,4.866,0.226,14.049,0.122
4/1/1923,7.749,0.24,14.959,0.122
5/1/1923,10.849,0.292,15.724,0.128
6/1/1923,13.296,0.259,16.452,0.12
7/1/1923,13.984,0.3,16.628,0.129
8/1/1923,13.611,0.34,16.54,0.137
9/1/1923,11.883,0.256,15.992,0.12
10/1/1923,9.52,0.191,15.249,0.112
11/1/1923,6.378,0.179,14.404,0.112
12/1/1923,3.88,0.216,13.739,0.119
1/1/1924,2.339,0.29,13.303,0.134
2/1/1924,2.888,0.288,13.585,0.127
3/1/1924,5.352,0.208,14.325,0.119
4/1/1924,7.97,0.267,15.081,0.127
5/1/1924,11.188,0.298,15.918,0.127
6/1/1924,13.342,0.241,16.461,0.116
7/1/1924,14.304,0.307,16.724,0.131
8/1/1924,13.654,0.326,16.556,0.134
9/1/1924,11.957,0.232,16.003,0.122
10/1/1924,9.203,0.182,15.042,0.117
11/1/1924,6.4,0.2,14.132,0.116
12/1/1924,3.485,0.243,13.342,0.124
1/1/1925,2.268,0.228,13.157,0.125
2/1/1925,2.701,0.236,13.361,0.121
3/1/1925,5.126,0.224,14.155,0.124
4/1/1925,8.442,0.244,15.011,0.124
5/1/1925,11.039,0.286,15.855,0.13
6/1/1925,13.089,0.22,16.413,0.116
7/1/1925,14.066,0.3,16.74,0.129
8/1/1925,13.769,0.32,16.716,0.135
9/1/1925,11.979,0.235,16.14,0.126
10/1/1925,9.196,0.193,15.221,0.117
11/1/1925,6.34,0.196,14.418,0.118
12/1/1925,4.398,0.207,13.897,0.122
1/1/1926,3.453,0.258,13.739,0.128
2/1/1926,3.717,0.211,13.842,0.115
3/1/1926,5.831,0.178,14.536,0.116
4/1/1926,8.193,0.259,15.214,0.127
5/1/1926,10.931,0.295,15.932,0.129
6/1/1926,13.285,0.231,16.581,0.117
7/1/1926,14.168,0.287,16.766,0.13
8/1/1926,13.877,0.321,16.8,0.135
9/1/1926,12.075,0.242,16.222,0.12
10/1/1926,9.55,0.2,15.372,0.115
11/1/1926,6.3,0.208,14.351,0.116
12/1/1926,3.366,0.222,13.538,0.121
1/1/1927,2.372,0.268,13.323,0.13
2/1/1927,3.039,0.244,13.65,0.12
3/1/1927,4.668,0.223,14.084,0.121
4/1/1927,8.035,0.239,15.045,0.118
5/1/1927,11.104,0.297,15.873,0.127
6/1/1927,13.272,0.23,16.444,0.114
7/1/1927,14.323,0.302,16.812,0.13
8/1/1927,13.698,0.34,16.742,0.136
9/1/1927,12.254,0.24,16.224,0.119
10/1/1927,9.887,0.2,15.435,0.112
11/1/1927,6.346,0.192,14.342,0.113
12/1/1927,3.267,0.212,13.493,0.12
1/1/1928,3.046,0.211,13.637,0.121
2/1/1928,3.333,0.241,13.722,0.123
3/1/1928,4.959,0.191,14.229,0.119
4/1/1928,8.244,0.276,15.126,0.127
5/1/1928,11.169,0.321,15.88,0.134
6/1/1928,13.113,0.238,16.355,0.119
7/1/1928,14.31,0.297,16.796,0.128
8/1/1928,13.687,0.327,16.7,0.133
9/1/1928,12.03,0.235,16.066,0.12
10/1/1928,9.486,0.193,15.232,0.112
11/1/1928,6.336,0.231,14.276,0.122
12/1/1928,3.873,0.222,13.568,0.122
1/1/1929,2.054,0.289,13.137,0.134
2/1/1929,2.172,0.229,13.241,0.12
3/1/1929,5.099,0.191,14.079,0.121
4/1/1929,8.094,0.265,14.987,0.126
5/1/1929,10.915,0.294,15.716,0.128
6/1/1929,12.928,0.232,16.328,0.117
7/1/1929,13.957,0.314,16.59,0.134
8/1/1929,13.68,0.33,16.671,0.138
9/1/1929,11.807,0.255,16.092,0.126
10/1/1929,9.46,0.195,15.248,0.113
11/1/1929,6.172,0.207,14.313,0.118
12/1/1929,2.571,0.22,13.207,0.121
1/1/1930,2.401,0.226,13.26,0.13
2/1/1930,3.152,0.236,13.54,0.126
3/1/1930,5.483,0.191,14.326,0.127
4/1/1930,8.182,0.242,15.081,0.124
5/1/1930,11.105,0.292,15.911,0.131
6/1/1930,13.347,0.231,16.473,0.122
7/1/1930,14.465,0.301,16.854,0.137
8/1/1930,13.928,0.327,16.791,0.146
9/1/1930,11.874,0.247,16.25,0.131
10/1/1930,9.261,0.187,15.355,0.121
11/1/1930,6.574,0.202,14.505,0.128
12/1/1930,3.831,0.194,13.724,0.124
1/1/1931,2.761,0.225,13.529,0.13
2/1/1931,2.708,0.224,13.621,0.125
3/1/1931,5.22,0.186,14.347,0.126
4/1/1931,8.163,0.234,15.116,0.126
5/1/1931,11.02,0.281,15.872,0.129
6/1/1931,13.573,0.24,16.63,0.126
7/1/1931,14.576,0.302,16.967,0.138
8/1/1931,14.12,0.33,16.887,0.145
9/1/1931,12.283,0.25,16.294,0.129
10/1/1931,9.937,0.197,15.448,0.125
11/1/1931,6.243,0.198,14.317,0.125
12/1/1931,4.027,0.186,13.711,0.125
1/1/1932,3.604,0.223,13.687,0.131
2/1/1932,2.989,0.221,13.658,0.124
3/1/1932,4.94,0.204,14.252,0.129
4/1/1932,8.769,0.263,15.335,0.129
5/1/1932,11.239,0.3,16.018,0.132
6/1/1932,13.383,0.257,16.504,0.126
7/1/1932,14.372,0.306,16.846,0.138
8/1/1932,13.74,0.331,16.68,0.143
9/1/1932,12.31,0.268,16.263,0.133
10/1/1932,9.682,0.232,15.28,0.123
11/1/1932,5.908,0.186,14.175,0.122
12/1/1932,3.527,0.196,13.558,0.123
1/1/1933,2.169,0.226,13.26,0.129
2/1/1933,2.657,0.21,13.506,0.12
3/1/1933,4.869,0.185,14.131,0.12
4/1/1933,8.125,0.272,15.043,0.13
5/1/1933,11.047,0.288,15.823,0.134
6/1/1933,13.11,0.241,16.337,0.126
7/1/1933,14.236,0.3,16.704,0.136
8/1/1933,13.76,0.321,16.701,0.138
9/1/1933,11.854,0.244,16.024,0.129
10/1/1933,9.238,0.232,15.143,0.125
11/1/1933,5.89,0.201,14.131,0.118
12/1/1933,3.104,0.192,13.352,0.12
1/1/1934,2.476,0.231,13.276,0.124
2/1/1934,3.699,0.251,13.701,0.125
3/1/1934,4.818,0.201,14.072,0.122
4/1/1934,8.016,0.259,15.02,0.128
5/1/1934,11.478,0.276,15.951,0.127
6/1/1934,13.402,0.24,16.578,0.121
7/1/1934,14.343,0.296,16.851,0.134
8/1/1934,13.778,0.322,16.74,0.141
9/1/1934,11.727,0.238,16.128,0.122
10/1/1934,9.421,0.192,15.332,0.118
11/1/1934,6.397,0.182,14.412,0.113
12/1/1934,3.985,0.193,13.673,0.118
1/1/1935,2.175,0.204,13.299,0.121
2/1/1935,4.125,0.217,13.857,0.119
3/1/1935,5.399,0.187,14.269,0.115
4/1/1935,7.771,0.256,15.013,0.126
5/1/1935,10.906,0.277,15.848,0.128
6/1/1935,13.326,0.23,16.504,0.122
7/1/1935,14.331,0.292,16.848,0.131
8/1/1935,13.775,0.332,16.715,0.139
9/1/1935,11.999,0.239,16.143,0.12
10/1/1935,9.516,0.198,15.311,0.114
11/1/1935,5.443,0.191,14.069,0.115
12/1/1935,3.423,0.208,13.55,0.118
1/1/1936,2.249,0.221,13.26,0.115
2/1/1936,2.506,0.236,13.533,0.118
3/1/1936,5.031,0.194,14.206,0.116
4/1/1936,8.127,0.258,15.089,0.122
5/1/1936,11.251,0.279,15.935,0.125
6/1/1936,13.363,0.243,16.524,0.116
7/1/1936,14.629,0.299,16.928,0.13
8/1/1936,13.86,0.325,16.811,0.134
9/1/1936,12.021,0.246,16.191,0.121
10/1/1936,9.457,0.22,15.412,0.116
11/1/1936,6.233,0.188,14.338,0.113
12/1/1936,3.921,0.208,13.767,0.118
1/1/1937,2.453,0.196,13.417,0.116
2/1/1937,3.553,0.22,13.904,0.116
3/1/1937,4.851,0.219,14.276,0.119
4/1/1937,8.14,0.242,15.228,0.117
5/1/1937,11.422,0.288,16.051,0.125
6/1/1937,13.603,0.236,16.679,0.116
7/1/1937,14.375,0.298,17.054,0.128
8/1/1937,14.007,0.325,16.941,0.135
9/1/1937,12.413,0.247,16.402,0.124
10/1/1937,9.729,0.2,15.523,0.113
11/1/1937,6.356,0.199,14.447,0.113
12/1/1937,3.478,0.211,13.684,0.118
1/1/1938,2.91,0.194,13.596,0.111
2/1/1938,3.417,0.225,13.827,0.112
3/1/1938,5.651,0.192,14.491,0.111
4/1/1938,8.913,0.249,15.363,0.119
5/1/1938,11.456,0.297,16.001,0.129
6/1/1938,13.321,0.238,16.607,0.117
7/1/1938,14.482,0.295,16.871,0.127
8/1/1938,13.963,0.325,16.904,0.132
9/1/1938,12.427,0.249,16.367,0.122
10/1/1938,9.784,0.194,15.526,0.113
11/1/1938,6.53,0.215,14.408,0.114
12/1/1938,3.51,0.213,13.556,0.116
1/1/1939,2.932,0.198,13.538,0.114
2/1/1939,3.232,0.201,13.757,0.112
3/1/1939,4.926,0.196,14.273,0.113
4/1/1939,8.328,0.252,15.296,0.119
5/1/1939,11.524,0.298,16.174,0.128
6/1/1939,13.531,0.256,16.712,0.119
7/1/1939,14.395,0.291,16.988,0.127
8/1/1939,13.932,0.324,16.892,0.139
9/1/1939,11.958,0.247,16.3,0.126
10/1/1939,9.218,0.185,15.232,0.122
11/1/1939,6.189,0.194,14.379,0.116
12/1/1939,4.959,0.206,14.087,0.112
1/1/1940,2.335,0.2,13.576,0.12
2/1/1940,3.423,0.204,13.932,0.116
3/1/1940,5.424,0.18,14.48,0.115
4/1/1940,8.756,0.247,15.452,0.125
5/1/1940,11.338,0.296,16.08,0.132
6/1/1940,13.583,0.231,16.725,0.119
7/1/1940,14.571,0.295,17.123,0.132
8/1/1940,13.811,0.323,16.946,0.134
9/1/1940,12.268,0.234,16.43,0.126
10/1/1940,9.457,0.187,15.384,0.118
11/1/1940,6.076,0.186,14.377,0.12
12/1/1940,4.134,0.19,13.96,0.117
1/1/1941,2.735,0.199,13.622,0.111
2/1/1941,3.67,0.202,13.946,0.109
3/1/1941,5.213,0.186,14.425,0.104
4/1/1941,8.575,0.24,15.407,0.114
5/1/1941,11.493,0.282,16.152,0.122
6/1/1941,13.63,0.232,16.753,0.112
7/1/1941,14.694,0.291,17.131,0.122
8/1/1941,14.028,0.322,16.915,0.126
9/1/1941,11.816,0.232,16.19,0.112
10/1/1941,9.71,0.175,15.629,0.107
11/1/1941,5.953,0.181,14.475,0.11
12/1/1941,3.707,0.192,13.971,0.142
1/1/1942,3.103,0.221,13.821,0.13
2/1/1942,2.857,0.204,13.773,0.123
3/1/1942,5.308,0.186,14.538,0.124
4/1/1942,8.416,0.238,15.307,0.131
5/1/1942,11.338,0.281,16.147,0.142
6/1/1942,13.578,0.22,16.729,0.127
7/1/1942,14.242,0.293,16.902,0.141
8/1/1942,13.786,0.318,16.766,0.147
9/1/1942,12.146,0.233,16.265,0.142
10/1/1942,9.627,0.186,15.358,0.134
11/1/1942,6.395,0.184,14.426,0.126
12/1/1942,3.945,0.19,13.872,0.13
1/1/1943,2.396,0.195,13.522,0.136
2/1/1943,3.513,0.199,13.939,0.126
3/1/1943,5.138,0.184,14.371,0.127
4/1/1943,8.638,0.243,15.335,0.137
5/1/1943,11.485,0.277,16.123,0.143
6/1/1943,13.161,0.23,16.596,0.132
7/1/1943,14.46,0.3,16.95,0.143
8/1/1943,13.774,0.313,16.912,0.145
9/1/1943,12.096,0.227,16.285,0.129
10/1/1943,9.907,0.176,15.62,0.129
11/1/1943,6.26,0.188,14.53,0.128
12/1/1943,4.233,0.187,13.957,0.129
1/1/1944,3.504,0.185,13.819,0.117
2/1/1944,3.591,0.222,14.023,0.121
3/1/1944,5.531,0.205,14.632,0.122
4/1/1944,8.434,0.243,15.432,0.129
5/1/1944,11.334,0.275,16.212,0.135
6/1/1944,13.478,0.222,16.772,0.125
7/1/1944,14.468,0.284,17.119,0.137
8/1/1944,14.017,0.308,17.117,0.142
9/1/1944,12.45,0.229,16.472,0.13
10/1/1944,9.808,0.17,15.623,0.123
11/1/1944,6.091,0.178,14.401,0.125
12/1/1944,3.434,0.181,13.767,0.127
1/1/1945,2.525,0.186,13.586,0.122
2/1/1945,2.646,0.194,13.747,0.125
3/1/1945,5.184,0.171,14.462,0.124
4/1/1945,8.681,0.236,15.431,0.131
5/1/1945,11.097,0.269,16.064,0.142
6/1/1945,13.328,0.231,16.661,0.131
7/1/1945,14.213,0.287,16.911,0.145
8/1/1945,14.313,0.317,17.106,0.149
9/1/1945,12.225,0.227,16.358,0.133
10/1/1945,9.575,0.171,15.574,0.119
11/1/1945,6.073,0.172,14.453,0.121
12/1/1945,3.158,0.183,13.616,0.122
1/1/1946,2.979,0.188,13.638,0.129
2/1/1946,3.461,0.206,13.816,0.128
3/1/1946,5.236,0.171,14.514,0.125
4/1/1946,8.837,0.223,15.441,0.127
5/1/1946,11.355,0.273,15.994,0.143
6/1/1946,13.298,0.237,16.513,0.137
7/1/1946,14.409,0.289,16.944,0.139
8/1/1946,13.834,0.319,16.717,0.143
9/1/1946,12.064,0.233,16.252,0.143
10/1/1946,9.281,0.17,15.437,0.13
11/1/1946,6.235,0.179,14.359,0.12
12/1/1946,3.134,0.181,13.528,0.125
1/1/1947,2.597,0.184,13.532,0.125
2/1/1947,3.277,0.191,13.832,0.116
3/1/1947,5.801,0.183,14.54,0.124
4/1/1947,8.686,0.227,15.373,0.128
5/1/1947,11.329,0.266,16.089,0.135
6/1/1947,13.459,0.216,16.701,0.126
7/1/1947,14.349,0.284,16.973,0.138
8/1/1947,13.827,0.305,16.804,0.136
9/1/1947,12.166,0.221,16.261,0.131
10/1/1947,10.011,0.164,15.49,0.13
11/1/1947,6.407,0.187,14.435,0.128
12/1/1947,3.656,0.177,13.692,0.128
1/1/1948,3.366,0.18,13.666,0.119
2/1/1948,3.22,0.198,13.692,0.123
3/1/1948,4.919,0.161,14.284,0.125
4/1/1948,8.499,0.215,15.266,0.127
5/1/1948,11.537,0.257,16.173,0.135
6/1/1948,13.664,0.214,16.742,0.129
7/1/1948,14.445,0.276,16.938,0.141
8/1/1948,13.896,0.298,16.902,0.136
9/1/1948,12.155,0.22,16.243,0.127
10/1/1948,9.584,0.167,15.389,0.123
11/1/1948,6.185,0.162,14.299,0.131
12/1/1948,3.491,0.167,13.54,0.126
1/1/1949,3.219,0.17,13.704,0.101
2/1/1949,2.759,0.185,13.686,0.101
3/1/1949,5.077,0.177,14.322,0.102
4/1/1949,8.344,0.226,15.312,0.109
5/1/1949,11.309,0.255,16.063,0.117
6/1/1949,13.223,0.209,16.467,0.107
7/1/1949,14.199,0.27,16.807,0.12
8/1/1949,13.826,0.295,16.796,0.123
9/1/1949,11.957,0.212,16.177,0.107
10/1/1949,9.531,0.158,15.375,0.101
11/1/1949,6.148,0.164,14.331,0.099
12/1/1949,3.449,0.178,13.633,0.102
1/1/1950,2.008,0.173,13.311,0.095
2/1/1950,2.721,0.182,13.554,0.101
3/1/1950,5.247,0.15,14.296,0.097
4/1/1950,8.123,0.192,15.093,0.102
5/1/1950,11.297,0.217,16.033,0.106
6/1/1950,13.382,0.196,16.66,0.105
7/1/1950,14.14,0.239,16.981,0.115
8/1/1950,13.46,0.228,16.731,0.108
9/1/1950,11.952,0.204,16.124,0.106
10/1/1950,9.153,0.164,15.245,0.103
11/1/1950,5.372,0.139,14.06,0.093
12/1/1950,3.528,0.152,13.586,0.097
1/1/1951,2.138,0.132,13.341,0.09
2/1/1951,2.332,0.149,13.488,0.093
3/1/1951,5.091,0.141,14.278,0.092
4/1/1951,8.367,0.175,15.198,0.095
5/1/1951,11.438,0.23,16.158,0.112
6/1/1951,13.25,0.238,16.768,0.106
7/1/1951,14.324,0.24,17.046,0.11
8/1/1951,14.021,0.251,17.081,0.11
9/1/1951,12.324,0.216,16.43,0.101
10/1/1951,9.67,0.123,15.529,0.094
11/1/1951,6.225,0.161,14.422,0.093
12/1/1951,4.328,0.154,13.995,0.091
1/1/1952,3.049,0.144,13.762,0.089
2/1/1952,3.396,0.18,14.009,0.093
3/1/1952,4.967,0.168,14.373,0.093
4/1/1952,8.461,0.225,15.363,0.103
5/1/1952,11.352,0.264,16.129,0.115
6/1/1952,13.442,0.218,16.751,0.104
7/1/1952,14.549,0.276,17.068,0.118
8/1/1952,13.964,0.302,16.952,0.118
9/1/1952,12.238,0.22,16.395,0.104
10/1/1952,9.157,0.166,15.434,0.096
11/1/1952,5.425,0.168,14.334,0.093
12/1/1952,3.659,0.174,13.787,0.094
1/1/1953,2.964,0.166,13.642,0.092
2/1/1953,3.629,0.187,14.02,0.094
3/1/1953,5.712,0.161,14.561,0.093
4/1/1953,8.892,0.228,15.518,0.103
5/1/1953,11.514,0.264,16.266,0.114
6/1/1953,13.612,0.216,16.89,0.105
7/1/1953,14.392,0.284,17.088,0.118
8/1/1953,14.059,0.305,16.985,0.119
9/1/1953,12.199,0.223,16.418,0.105
10/1/1953,9.59,0.161,15.471,0.094
11/1/1953,5.924,0.168,14.332,0.095
12/1/1953,3.998,0.182,13.862,0.095
1/1/1954,2.059,0.148,13.38,0.089
2/1/1954,3.084,0.182,13.783,0.093
3/1/1954,5.148,0.18,14.385,0.094
4/1/1954,8.158,0.218,15.226,0.102
5/1/1954,10.988,0.217,15.971,0.102
6/1/1954,13.4,0.187,16.609,0.096
7/1/1954,14.241,0.228,16.851,0.104
8/1/1954,13.868,0.248,16.816,0.103
9/1/1954,12.098,0.204,16.223,0.099
10/1/1954,9.546,0.144,15.423,0.088
11/1/1954,6.579,0.143,14.48,0.086
12/1/1954,3.559,0.147,13.62,0.088
1/1/1955,3.412,0.152,13.717,0.086
2/1/1955,3.137,0.141,13.718,0.087
3/1/1955,4.585,0.121,14.179,0.083
4/1/1955,8.136,0.16,15.119,0.091
5/1/1955,11.192,0.209,15.882,0.1
6/1/1955,13.56,0.148,16.555,0.087
7/1/1955,14.242,0.177,16.809,0.093
8/1/1955,14.283,0.216,16.899,0.098
9/1/1955,11.954,0.162,16.148,0.089
10/1/1955,9.735,0.107,15.333,0.082
11/1/1955,5.973,0.135,14.211,0.081
12/1/1955,3.306,0.115,13.522,0.08
1/1/1956,2.466,0.099,13.444,0.075
2/1/1956,2.781,0.168,13.626,0.086
3/1/1956,4.889,0.109,14.231,0.074
4/1/1956,7.922,0.144,15.029,0.082
5/1/1956,10.721,0.195,15.823,0.094
6/1/1956,13.16,0.089,16.472,0.078
7/1/1956,14.18,0.093,16.83,0.082
8/1/1956,13.189,0.082,16.605,0.075
9/1/1956,11.783,0.135,16.088,0.081
10/1/1956,8.928,0.093,15.159,0.075
11/1/1956,5.738,0.134,14.261,0.078
12/1/1956,3.598,0.109,13.704,0.076
1/1/1957,2.488,0.1,13.473,0.073
2/1/1957,3.12,0.108,13.804,0.074
3/1/1957,5.036,0.085,14.381,0.07
4/1/1957,8.366,0.187,15.324,0.087
5/1/1957,11.259,0.138,16.216,0.084
6/1/1957,13.783,0.193,16.878,0.091
7/1/1957,14.129,0.204,17.034,0.095
8/1/1957,14.082,0.252,17.049,0.101
9/1/1957,12.312,0.301,16.38,0.112
10/1/1957,9.496,0.137,15.463,0.081
11/1/1957,6.391,0.104,14.516,0.073
12/1/1957,4.328,0.087,13.971,0.072
1/1/1958,3.574,0.114,13.881,0.075
2/1/1958,3.695,0.173,14.071,0.082
3/1/1958,5.453,0.084,14.547,0.069
4/1/1958,8.52,0.103,15.359,0.073
5/1/1958,11.519,0.089,16.18,0.073
6/1/1958,13.187,0.106,16.619,0.074
7/1/1958,14.438,0.199,17.039,0.093
8/1/1958,13.597,0.082,16.832,0.07
9/1/1958,11.845,0.072,16.284,0.074
10/1/1958,9.375,0.092,15.437,0.074
11/1/1958,6.26,0.06,14.507,0.067
12/1/1958,3.822,0.078,13.829,0.07
1/1/1959,2.959,0.077,13.636,0.069
2/1/1959,3.33,0.126,13.873,0.072
3/1/1959,5.854,0.199,14.612,0.088
4/1/1959,8.819,0.179,15.439,0.082
5/1/1959,11.323,0.062,16.122,0.071
6/1/1959,13.577,0.063,16.776,0.07
7/1/1959,14.449,0.131,17.002,0.082
8/1/1959,13.853,0.084,16.908,0.068
9/1/1959,11.946,0.118,16.278,0.074
10/1/1959,9.16,0.115,15.405,0.076
11/1/1959,5.752,0.077,14.272,0.068
12/1/1959,3.77,0.055,13.763,0.067
1/1/1960,2.713,0.086,13.553,0.067
2/1/1960,3.798,0.125,13.956,0.07
3/1/1960,4.303,0.077,14.145,0.066
4/1/1960,8.133,0.088,15.19,0.066
5/1/1960,10.872,0.156,15.956,0.079
6/1/1960,13.484,0.08,16.67,0.071
7/1/1960,14.198,0.072,16.985,0.07
8/1/1960,13.825,0.079,16.969,0.069
9/1/1960,12.095,0.099,16.382,0.069
10/1/1960,9.497,0.063,15.456,0.068
11/1/1960,5.828,0.141,14.313,0.073
12/1/1960,4.259,0.056,13.928,0.064
1/1/1961,2.926,0.089,13.664,0.064
2/1/1961,3.683,0.125,14.058,0.067
3/1/1961,5.589,0.049,14.609,0.062
4/1/1961,8.631,0.116,15.444,0.068
5/1/1961,11.624,0.104,16.241,0.071
6/1/1961,13.702,0.154,16.81,0.079
7/1/1961,14.288,0.079,16.987,0.071
8/1/1961,13.849,0.142,16.917,0.072
9/1/1961,12.247,0.069,16.309,0.063
10/1/1961,9.328,0.138,15.401,0.071
11/1/1961,6.205,0.06,14.437,0.059
12/1/1961,3.5,0.039,13.682,0.059
1/1/1962,3.003,0.075,13.655,0.06
2/1/1962,3.696,0.064,14.003,0.059
3/1/1962,5.53,0.128,14.522,0.069
4/1/1962,8.54,0.178,15.353,0.076
5/1/1962,11.128,0.062,16.041,0.068
6/1/1962,13.427,0.267,16.679,0.099
7/1/1962,14.205,0.074,16.952,0.068
8/1/1962,13.713,0.103,16.83,0.065
9/1/1962,12.018,0.255,16.246,0.094
10/1/1962,9.468,0.202,15.429,0.084
11/1/1962,6.283,0.119,14.421,0.067
12/1/1962,3.94,0.068,13.776,0.061
1/1/1963,2.901,0.08,13.594,0.063
2/1/1963,4.02,0.108,14.014,0.064
3/1/1963,5.097,0.102,14.357,0.063
4/1/1963,8.173,0.058,15.216,0.059
5/1/1963,11.045,0.102,16.05,0.069
6/1/1963,13.412,0.097,16.675,0.068
7/1/1963,14.506,0.098,17.089,0.077
8/1/1963,14.309,0.061,17.061,0.07
9/1/1963,12.555,0.126,16.48,0.075
10/1/1963,9.943,0.099,15.587,0.074
11/1/1963,6.561,0.095,14.58,0.07
12/1/1963,3.75,0.082,13.817,0.068
1/1/1964,2.881,0.171,13.595,0.076
2/1/1964,3.028,0.116,13.73,0.064
3/1/1964,4.865,0.076,14.256,0.062
4/1/1964,7.922,0.077,15.062,0.063
5/1/1964,10.905,0.084,15.856,0.066
6/1/1964,13.459,0.068,16.591,0.064
7/1/1964,14.301,0.125,16.784,0.073
8/1/1964,13.678,0.178,16.634,0.078
9/1/1964,11.604,0.065,16.002,0.06
10/1/1964,8.832,0.063,15.171,0.061
11/1/1964,5.983,0.041,14.202,0.056
12/1/1964,3.458,0.046,13.522,0.059
1/1/1965,2.862,0.069,13.545,0.061
2/1/1965,3.036,0.084,13.698,0.061
3/1/1965,5.182,0.125,14.285,0.068
4/1/1965,7.99,0.078,15.095,0.061
5/1/1965,11.222,0.174,16.007,0.079
6/1/1965,13.308,0.223,16.532,0.087
7/1/1965,14.078,0.139,16.762,0.076
8/1/1965,13.807,0.086,16.803,0.065
9/1/1965,11.73,0.083,16.154,0.064
10/1/1965,9.488,0.07,15.406,0.063
11/1/1965,5.86,0.076,14.287,0.06
12/1/1965,3.766,0.099,13.775,0.062
1/1/1966,2.49,0.059,13.495,0.057
2/1/1966,3.29,0.111,13.81,0.062
3/1/1966,5.527,0.125,14.445,0.066
4/1/1966,8.161,0.068,15.254,0.059
5/1/1966,11.2,0.064,15.987,0.061
6/1/1966,13.587,0.161,16.693,0.076
7/1/1966,14.569,0.112,17.033,0.07
8/1/1966,13.731,0.101,16.826,0.068
9/1/1966,12.133,0.107,16.273,0.069
10/1/1966,9.153,0.073,15.315,0.061
11/1/1966,5.969,0.074,14.362,0.058
12/1/1966,3.382,0.052,13.683,0.057
1/1/1967,2.71,0.07,13.527,0.055
2/1/1967,2.905,0.126,13.688,0.064
3/1/1967,5.396,0.079,14.465,0.057
4/1/1967,8.458,0.11,15.3,0.061
5/1/1967,11.632,0.077,16.279,0.061
6/1/1967,13.194,0.071,16.665,0.057
7/1/1967,14.331,0.169,16.97,0.078
8/1/1967,13.821,0.107,16.84,0.064
9/1/1967,12.054,0.058,16.244,0.06
10/1/1967,9.809,0.045,15.469,0.056
11/1/1967,6.176,0.042,14.353,0.048
12/1/1967,3.915,0.05,13.73,0.05
1/1/1968,2.353,0.094,13.389,0.054
2/1/1968,3.245,0.124,13.724,0.059
3/1/1968,6.117,0.069,14.581,0.052
4/1/1968,8.455,0.143,15.261,0.064
5/1/1968,11.068,0.111,15.99,0.062
6/1/1968,13.204,0.187,16.696,0.073
7/1/1968,14.026,0.089,16.887,0.058
8/1/1968,13.524,0.08,16.794,0.057
9/1/1968,11.62,0.19,16.155,0.076
10/1/1968,9.453,0.138,15.481,0.066
11/1/1968,5.891,0.062,14.418,0.051
12/1/1968,3.24,0.053,13.791,0.05
1/1/1969,1.966,0.053,13.518,0.048
2/1/1969,2.45,0.092,13.747,0.052
3/1/1969,5.131,0.106,14.576,0.056
4/1/1969,8.576,0.125,15.518,0.062
5/1/1969,11.354,0.077,16.329,0.053
6/1/1969,13.475,0.119,16.83,0.062
7/1/1969,14.218,0.109,16.924,0.059
8/1/1969,13.804,0.08,16.945,0.056
9/1/1969,12.048,0.057,16.337,0.053
10/1/1969,9.489,0.065,15.445,0.056
11/1/1969,6.42,0.053,14.524,0.051
12/1/1969,4.21,0.086,13.993,0.054
1/1/1970,2.836,0.084,13.711,0.052
2/1/1970,3.735,0.082,14.022,0.053
3/1/1970,5.272,0.114,14.503,0.058
4/1/1970,8.603,0.066,15.44,0.051
5/1/1970,11.206,0.099,16.104,0.055
6/1/1970,13.513,0.086,16.672,0.056
7/1/1970,14.395,0.1,16.912,0.058
8/1/1970,13.658,0.062,16.748,0.052
9/1/1970,12.277,0.063,16.335,0.055
10/1/1970,9.348,0.042,15.42,0.051
11/1/1970,6.047,0.059,14.418,0.05
12/1/1970,3.521,0.05,13.707,0.048
1/1/1971,2.967,0.101,13.615,0.054
2/1/1971,2.867,0.17,13.627,0.067
3/1/1971,5.001,0.063,14.254,0.049
4/1/1971,8.339,0.067,15.227,0.049
5/1/1971,11.211,0.112,15.963,0.058
6/1/1971,13.099,0.104,16.539,0.059
7/1/1971,14.139,0.106,16.846,0.061
8/1/1971,13.879,0.076,16.752,0.056
9/1/1971,12.139,0.129,16.22,0.062
10/1/1971,9.388,0.106,15.298,0.056
11/1/1971,6.295,0.076,14.399,0.052
12/1/1971,3.867,0.065,13.66,0.051
1/1/1972,1.882,0.086,13.298,0.053
2/1/1972,2.609,0.105,13.644,0.054
3/1/1972,5.287,0.05,14.446,0.048
4/1/1972,8.337,0.067,15.291,0.051
5/1/1972,11.155,0.091,16.095,0.058
6/1/1972,13.501,0.113,16.729,0.061
7/1/1972,14.231,0.118,16.956,0.063
8/1/1972,14.171,0.096,16.978,0.057
9/1/1972,11.901,0.126,16.27,0.061
10/1/1972,9.346,0.141,15.438,0.064
11/1/1972,5.797,0.079,14.419,0.05
12/1/1972,3.778,0.072,13.951,0.05
1/1/1973,3.038,0.092,13.774,0.052
2/1/1973,3.898,0.161,14.14,0.064
3/1/1973,5.82,0.096,14.663,0.052
4/1/1973,8.938,0.103,15.528,0.055
5/1/1973,11.769,0.082,16.288,0.053
6/1/1973,13.824,0.085,16.795,0.052
7/1/1973,14.435,0.129,17.002,0.061
8/1/1973,13.869,0.151,16.889,0.062
9/1/1973,12.125,0.081,16.267,0.054
10/1/1973,9.609,0.064,15.419,0.053
11/1/1973,6.222,0.083,14.381,0.05
12/1/1973,3.832,0.082,13.711,0.051
1/1/1974,2.261,0.096,13.3,0.052
2/1/1974,2.582,0.127,13.49,0.057
3/1/1974,5.19,0.114,14.267,0.054
4/1/1974,8.386,0.091,15.182,0.053
5/1/1974,11.198,0.087,15.957,0.053
6/1/1974,13.382,0.131,16.616,0.063
7/1/1974,14.288,0.059,16.846,0.053
8/1/1974,14.016,0.105,16.912,0.06
9/1/1974,11.744,0.135,16.197,0.065
10/1/1974,9.098,0.059,15.274,0.051
11/1/1974,5.915,0.123,14.32,0.057
12/1/1974,3.55,0.127,13.656,0.057
1/1/1975,3.059,0.078,13.621,0.051
2/1/1975,3.395,0.107,13.857,0.053
3/1/1975,5.706,0.07,14.538,0.048
4/1/1975,8.584,0.066,15.297,0.049
5/1/1975,11.742,0.087,16.136,0.054
6/1/1975,13.557,0.109,16.682,0.057
7/1/1975,14.351,0.096,16.877,0.059
8/1/1975,13.514,0.219,16.665,0.079
9/1/1975,12.152,0.127,16.216,0.061
10/1/1975,9.318,0.064,15.292,0.053
11/1/1975,5.893,0.056,14.126,0.049
12/1/1975,3.667,0.086,13.557,0.051
1/1/1976,2.884,0.068,13.442,0.05
2/1/1976,3.031,0.069,13.619,0.05
3/1/1976,4.517,0.06,14.124,0.049
4/1/1976,8.294,0.086,15.135,0.053
5/1/1976,10.942,0.163,15.778,0.067
6/1/1976,13.086,0.103,16.448,0.06
7/1/1976,14.155,0.18,16.864,0.073
8/1/1976,13.511,0.17,16.671,0.072
9/1/1976,11.895,0.053,16.185,0.056
10/1/1976,8.511,0.111,15.167,0.059
11/1/1976,5.66,0.062,14.299,0.05
12/1/1976,3.681,0.082,13.841,0.05
1/1/1977,2.492,0.087,13.647,0.05
2/1/1977,3.471,0.12,14.001,0.056
3/1/1977,5.702,0.11,14.639,0.055
4/1/1977,8.85,0.064,15.47,0.049
5/1/1977,11.78,0.133,16.286,0.061
6/1/1977,13.876,0.11,16.846,0.056
7/1/1977,14.631,0.111,17.047,0.06
8/1/1977,14.09,0.078,16.979,0.053
9/1/1977,11.862,0.065,16.312,0.054
10/1/1977,9.156,0.041,15.387,0.049
11/1/1977,6.544,0.062,14.544,0.048
12/1/1977,3.749,0.035,13.741,0.045
1/1/1978,2.705,0.095,13.587,0.054
2/1/1978,3.456,0.137,13.904,0.06
3/1/1978,5.607,0.097,14.555,0.052
4/1/1978,8.791,0.088,15.372,0.05
5/1/1978,11.414,0.139,16.101,0.061
6/1/1978,13.22,0.106,16.601,0.057
7/1/1978,14.364,0.158,16.935,0.067
8/1/1978,13.297,0.099,16.623,0.056
9/1/1978,12.03,0.096,16.281,0.058
10/1/1978,9.339,0.082,15.337,0.054
11/1/1978,6.35,0.081,14.522,0.05
12/1/1978,3.74,0.068,13.793,0.047
1/1/1979,2.679,0.083,13.63,0.048
2/1/1979,2.841,0.089,13.768,0.047
3/1/1979,5.474,0.102,14.565,0.051
4/1/1979,8.455,0.078,15.391,0.046
5/1/1979,11.199,0.149,16.076,0.058
6/1/1979,13.487,0.067,16.772,0.043
7/1/1979,14.114,0.054,16.992,0.042
8/1/1979,13.833,0.087,16.978,0.046
9/1/1979,12.247,0.091,16.45,0.048
10/1/1979,9.586,0.09,15.557,0.049
11/1/1979,6.286,0.079,14.609,0.047
12/1/1979,4.6,0.068,14.182,0.045
1/1/1980,2.956,0.087,13.812,0.049
2/1/1980,3.652,0.099,14.112,0.05
3/1/1980,5.367,0.103,14.646,0.052
4/1/1980,8.935,0.106,15.578,0.052
5/1/1980,11.77,0.089,16.314,0.05
6/1/1980,13.582,0.134,16.806,0.058
7/1/1980,14.742,0.144,17.171,0.06
8/1/1980,14.189,0.221,17.049,0.077
9/1/1980,12.321,0.08,16.427,0.051
10/1/1980,9.55,0.064,15.45,0.048
11/1/1980,6.684,0.094,14.645,0.051
12/1/1980,4.016,0.059,13.892,0.046
1/1/1981,3.785,0.121,13.963,0.055
2/1/1981,4.021,0.139,14.073,0.059
3/1/1981,6.239,0.035,14.769,0.045
4/1/1981,8.953,0.08,15.432,0.05
5/1/1981,11.565,0.084,16.198,0.049
6/1/1981,13.765,0.122,16.932,0.058
7/1/1981,14.738,0.082,17.217,0.054
8/1/1981,14.502,0.099,17.123,0.055
9/1/1981,12.236,0.118,16.466,0.058
10/1/1981,9.394,0.059,15.453,0.05
11/1/1981,6.273,0.058,14.47,0.047
12/1/1981,4.519,0.05,14.098,0.048
1/1/1982,2.558,0.08,13.587,0.053
2/1/1982,3.281,0.077,13.852,0.053
3/1/1982,4.873,0.087,14.337,0.054
4/1/1982,8.465,0.093,15.33,0.054
5/1/1982,11.348,0.09,16.144,0.054
6/1/1982,13.245,0.071,16.625,0.053
7/1/1982,14.545,0.073,17,0.058
8/1/1982,13.796,0.067,16.867,0.054
9/1/1982,12.039,0.067,16.354,0.055
10/1/1982,9.232,0.066,15.493,0.054
11/1/1982,5.961,0.111,14.446,0.057
12/1/1982,4.327,0.11,14.068,0.058
1/1/1983,3.445,0.115,13.979,0.057
2/1/1983,3.814,0.173,14.169,0.068
3/1/1983,5.699,0.09,14.683,0.053
4/1/1983,8.693,0.05,15.468,0.048
5/1/1983,11.729,0.106,16.34,0.056
6/1/1983,13.478,0.124,16.786,0.061
7/1/1983,14.408,0.07,17.068,0.054
8/1/1983,14.302,0.061,17.145,0.052
9/1/1983,12.698,0.098,16.573,0.059
10/1/1983,9.478,0.096,15.498,0.058
11/1/1983,6.765,0.091,14.648,0.054
12/1/1983,3.829,0.054,13.886,0.05
1/1/1984,2.941,0.081,13.701,0.052
2/1/1984,3.093,0.101,13.878,0.056
3/1/1984,5.671,0.084,14.608,0.056
4/1/1984,8.432,0.163,15.37,0.068
5/1/1984,11.976,0.061,16.295,0.052
6/1/1984,13.387,0.191,16.668,0.073
7/1/1984,14.429,0.137,16.961,0.063
8/1/1984,13.984,0.085,16.972,0.054
9/1/1984,12.015,0.074,16.385,0.053
10/1/1984,9.378,0.082,15.368,0.054
11/1/1984,5.811,0.106,14.32,0.055
12/1/1984,3.185,0.066,13.604,0.05
1/1/1985,3.01,0.082,13.678,0.052
2/1/1985,2.704,0.085,13.731,0.051
3/1/1985,5.451,0.06,14.526,0.05
4/1/1985,8.633,0.085,15.356,0.054
5/1/1985,11.426,0.066,16.136,0.05
6/1/1985,13.569,0.187,16.713,0.07
7/1/1985,13.973,0.087,16.906,0.051
8/1/1985,14.059,0.087,17.013,0.05
9/1/1985,11.98,0.08,16.357,0.054
10/1/1985,9.338,0.089,15.476,0.054
11/1/1985,5.968,0.104,14.388,0.055
12/1/1985,3.785,0.107,13.808,0.056
1/1/1986,3.315,0.117,13.724,0.057
2/1/1986,3.991,0.113,14.084,0.056
3/1/1986,5.755,0.048,14.608,0.049
4/1/1986,8.871,0.086,15.452,0.054
5/1/1986,11.581,0.066,16.163,0.049
6/1/1986,13.439,0.06,16.696,0.05
7/1/1986,14.293,0.06,16.991,0.05
8/1/1986,13.972,0.059,16.938,0.05
9/1/1986,11.817,0.143,16.285,0.063
10/1/1986,9.299,0.096,15.455,0.054
11/1/1986,5.919,0.1,14.407,0.055
12/1/1986,3.751,0.072,13.805,0.052
1/1/1987,3.139,0.115,13.758,0.058
2/1/1987,4.134,0.091,14.161,0.053
3/1/1987,5.245,0.076,14.538,0.051
4/1/1987,8.595,0.078,15.447,0.052
5/1/1987,11.525,0.065,16.252,0.051
6/1/1987,13.927,0.068,16.9,0.051
7/1/1987,14.89,0.144,17.296,0.063
8/1/1987,13.896,0.127,17.061,0.06
9/1/1987,12.447,0.075,16.569,0.053
10/1/1987,9.59,0.077,15.621,0.051
11/1/1987,6.056,0.052,14.561,0.049
12/1/1987,4.489,0.054,14.13,0.048
1/1/1988,3.454,0.07,13.978,0.052
2/1/1988,3.422,0.095,14.064,0.052
3/1/1988,5.931,0.085,14.778,0.054
4/1/1988,8.992,0.066,15.593,0.051
5/1/1988,11.852,0.091,16.348,0.054
6/1/1988,14.099,0.098,16.976,0.057
7/1/1988,14.798,0.068,17.179,0.051
8/1/1988,14.553,0.122,17.173,0.059
9/1/1988,12.681,0.072,16.553,0.053
10/1/1988,9.979,0.062,15.639,0.052
11/1/1988,6.295,0.074,14.465,0.052
12/1/1988,4.363,0.058,13.923,0.052
1/1/1989,2.71,0.108,13.566,0.058
2/1/1989,3.627,0.095,13.978,0.055
3/1/1989,5.792,0.099,14.607,0.057
4/1/1989,8.689,0.104,15.422,0.057
5/1/1989,11.28,0.094,16.121,0.056
6/1/1989,13.447,0.126,16.725,0.063
7/1/1989,14.612,0.084,17.15,0.058
8/1/1989,14.135,0.064,17.051,0.052
9/1/1989,12.403,0.101,16.5,0.059
10/1/1989,9.76,0.061,15.597,0.051
11/1/1989,6.179,0.06,14.524,0.052
12/1/1989,4.43,0.06,14.058,0.053
1/1/1990,3.243,0.09,13.891,0.057
2/1/1990,3.643,0.087,14.143,0.056
3/1/1990,6.73,0.099,15.005,0.058
4/1/1990,9.169,0.059,15.683,0.052
5/1/1990,11.831,0.071,16.397,0.054
6/1/1990,13.893,0.087,16.995,0.054
7/1/1990,14.784,0.14,17.246,0.065
8/1/1990,14.095,0.05,17.11,0.054
9/1/1990,12.195,0.106,16.465,0.063
10/1/1990,9.882,0.036,15.747,0.053
11/1/1990,6.92,0.132,14.77,0.065
12/1/1990,4.425,0.079,14.1,0.056
1/1/1991,3.195,0.066,13.859,0.056
2/1/1991,4.044,0.087,14.201,0.057
3/1/1991,5.574,0.076,14.689,0.056
4/1/1991,9.226,0.04,15.716,0.055
5/1/1991,11.616,0.062,16.37,0.054
6/1/1991,14.263,0.074,17.052,0.057
7/1/1991,14.987,0.055,17.348,0.053
8/1/1991,14.319,0.057,17.163,0.055
9/1/1991,12.677,0.053,16.572,0.056
10/1/1991,9.753,0.064,15.619,0.055
11/1/1991,6.44,0.07,14.607,0.055
12/1/1991,4.059,0.041,13.98,0.052
1/1/1992,3.579,0.084,13.961,0.058
2/1/1992,3.931,0.148,14.181,0.067
3/1/1992,5.952,0.069,14.771,0.056
4/1/1992,8.572,0.061,15.51,0.055
5/1/1992,11.535,0.073,16.319,0.059
6/1/1992,13.576,0.066,16.886,0.058
7/1/1992,14.139,0.081,17.001,0.057
8/1/1992,13.766,0.084,16.9,0.057
9/1/1992,11.672,0.049,16.243,0.053
10/1/1992,9.353,0.047,15.419,0.054
11/1/1992,5.889,0.083,14.343,0.056
12/1/1992,4.075,0.155,13.902,0.068
1/1/1993,3.301,0.096,13.896,0.062
2/1/1993,3.745,0.097,14.085,0.06
3/1/1993,5.923,0.094,14.725,0.061
4/1/1993,8.69,0.046,15.482,0.055
5/1/1993,11.475,0.056,16.231,0.056
6/1/1993,13.518,0.075,16.859,0.058
7/1/1993,14.595,0.11,17.155,0.062
8/1/1993,13.835,0.065,16.926,0.058
9/1/1993,11.93,0.102,16.381,0.062
10/1/1993,9.614,0.064,15.543,0.058
11/1/1993,5.738,0.09,14.41,0.059
12/1/1993,4.035,0.081,13.904,0.059
1/1/1994,3.024,0.063,13.731,0.057
2/1/1994,2.81,0.105,13.773,0.062
3/1/1994,5.731,0.071,14.713,0.058
4/1/1994,9.018,0.044,15.584,0.057
5/1/1994,11.684,0.08,16.348,0.06
6/1/1994,14.144,0.087,17.021,0.061
7/1/1994,14.658,0.076,17.183,0.059
8/1/1994,13.977,0.051,17.036,0.055
9/1/1994,12.516,0.068,16.498,0.058
10/1/1994,10.002,0.077,15.743,0.06
11/1/1994,6.788,0.064,14.754,0.056
12/1/1994,4.113,0.065,14.036,0.06
1/1/1995,3.54,0.057,13.945,0.06
2/1/1995,4.656,0.083,14.388,0.062
3/1/1995,5.956,0.077,14.783,0.061
4/1/1995,8.972,0.078,15.587,0.061
5/1/1995,11.57,0.063,16.279,0.057
6/1/1995,14.164,0.088,17.008,0.061
7/1/1995,15.116,0.079,17.375,0.061
8/1/1995,14.636,0.088,17.297,0.061
9/1/1995,12.565,0.087,16.58,0.06
10/1/1995,10.106,0.086,15.748,0.062
11/1/1995,6.761,0.087,14.713,0.06
12/1/1995,4.123,0.044,13.951,0.059
1/1/1996,2.862,0.088,13.721,0.059
2/1/1996,4.012,0.118,14.207,0.064
3/1/1996,5.524,0.085,14.658,0.059
4/1/1996,8.679,0.073,15.541,0.057
5/1/1996,11.588,0.106,16.272,0.063
6/1/1996,13.681,0.091,16.847,0.058
7/1/1996,14.827,0.097,17.22,0.061
8/1/1996,14.603,0.073,17.21,0.059
9/1/1996,12.294,0.053,16.444,0.056
10/1/1996,9.525,0.097,15.516,0.061
11/1/1996,6.547,0.078,14.607,0.059
12/1/1996,4.325,0.058,14.053,0.058
1/1/1997,3.165,0.083,13.818,0.058
2/1/1997,3.766,0.093,14.178,0.059
3/1/1997,6.012,0.139,14.873,0.068
4/1/1997,8.891,0.054,15.634,0.055
5/1/1997,11.593,0.072,16.388,0.056
6/1/1997,14.131,0.066,17.158,0.056
7/1/1997,14.565,0.132,17.307,0.065
8/1/1997,14.256,0.091,17.266,0.059
9/1/1997,12.685,0.105,16.766,0.061
10/1/1997,10.109,0.07,15.935,0.056
11/1/1997,6.841,0.096,14.952,0.06
12/1/1997,4.417,0.062,14.291,0.057
1/1/1998,3.352,0.076,14.063,0.063
2/1/1998,4.826,0.106,14.611,0.066
3/1/1998,6.023,0.082,14.958,0.065
4/1/1998,9.358,0.05,15.884,0.062
5/1/1998,12.291,0.083,16.671,0.062
6/1/1998,14.521,0.114,17.289,0.066
7/1/1998,15.34,0.074,17.609,0.062
8/1/1998,14.874,0.074,17.491,0.062
9/1/1998,12.673,0.047,16.657,0.061
10/1/1998,9.941,0.055,15.768,0.064
11/1/1998,6.404,0.081,14.697,0.062
12/1/1998,4.669,0.045,14.214,0.061
1/1/1999,3.544,0.07,13.933,0.063
2/1/1999,4.694,0.089,14.367,0.065
3/1/1999,5.53,0.102,14.676,0.069
4/1/1999,8.838,0.064,15.572,0.064
5/1/1999,11.706,0.045,16.298,0.061
6/1/1999,14.031,0.072,16.957,0.062
7/1/1999,14.853,0.101,17.218,0.064
8/1/1999,14.348,0.089,17.1,0.063
9/1/1999,12.723,0.056,16.605,0.059
10/1/1999,9.997,0.095,15.675,0.063
11/1/1999,6.592,0.083,14.673,0.063
12/1/1999,4.565,0.085,14.13,0.064
1/1/2000,2.95,0.091,13.773,0.064
2/1/2000,4.184,0.093,14.266,0.065
3/1/2000,6.219,0.12,14.846,0.069
4/1/2000,9.552,0.075,15.762,0.062
5/1/2000,11.874,0.064,16.395,0.061
6/1/2000,14.06,0.1,17,0.067
7/1/2000,14.848,0.12,17.242,0.066
8/1/2000,14.519,0.086,17.243,0.063
9/1/2000,12.547,0.058,16.613,0.061
10/1/2000,9.486,0.047,15.588,0.06
11/1/2000,6.312,0.084,14.632,0.062
12/1/2000,3.863,0.064,13.968,0.062
1/1/2001,3.336,0.077,13.936,0.063
2/1/2001,3.72,0.109,14.179,0.067
3/1/2001,6.208,0.058,14.982,0.062
4/1/2001,9.245,0.098,15.808,0.066
5/1/2001,12.271,0.105,16.569,0.066
6/1/2001,14.11,0.085,17.151,0.063
7/1/2001,15.161,0.101,17.45,0.065
8/1/2001,14.427,0.115,17.294,0.068
9/1/2001,12.736,0.087,16.758,0.065
10/1/2001,9.935,0.073,15.831,0.064
11/1/2001,7.319,0.086,15.011,0.064
12/1/2001,4.507,0.055,14.241,0.062
1/1/2002,4.026,0.065,14.258,0.062
2/1/2002,4.704,0.078,14.505,0.065
3/1/2002,6.772,0.034,15.198,0.064
4/1/2002,9.229,0.049,15.818,0.062
5/1/2002,12.248,0.081,16.605,0.062
6/1/2002,14.084,0.052,17.11,0.06
7/1/2002,15.354,0.077,17.487,0.062
8/1/2002,14.56,0.067,17.328,0.061
9/1/2002,12.95,0.103,16.799,0.065
10/1/2002,9.988,0.079,15.859,0.062
11/1/2002,6.892,0.12,14.856,0.067
12/1/2002,4.038,0.064,14.127,0.063
1/1/2003,3.981,0.07,14.207,0.064
2/1/2003,4.085,0.097,14.359,0.065
3/1/2003,6.048,0.055,14.973,0.062
4/1/2003,9.154,0.074,15.774,0.063
5/1/2003,12.153,0.095,16.567,0.063
6/1/2003,14.017,0.135,17.104,0.068
7/1/2003,14.983,0.184,17.423,0.078
8/1/2003,14.691,0.089,17.402,0.063
9/1/2003,12.911,0.067,16.839,0.06
10/1/2003,10.424,0.085,15.997,0.063
11/1/2003,6.727,0.075,14.838,0.061
12/1/2003,5.133,0.062,14.436,0.062
1/1/2004,3.525,0.062,14.097,0.059
2/1/2004,4.499,0.104,14.488,0.065
3/1/2004,6.321,0.069,14.992,0.061
4/1/2004,9.249,0.057,15.811,0.061
5/1/2004,11.571,0.07,16.383,0.058
6/1/2004,13.889,0.097,17.006,0.063
7/1/2004,14.312,0.115,17.227,0.065
8/1/2004,14.188,0.104,17.266,0.063
9/1/2004,12.642,0.084,16.745,0.059
10/1/2004,10.127,0.091,15.889,0.061
11/1/2004,7.315,0.092,15.022,0.06
12/1/2004,4.257,0.056,14.161,0.06
1/1/2005,3.808,0.064,14.159,0.059
2/1/2005,3.92,0.115,14.293,0.067
3/1/2005,6.544,0.06,15.106,0.064
4/1/2005,9.618,0.052,15.978,0.061
5/1/2005,12.226,0.09,16.629,0.061
6/1/2005,14.476,0.083,17.248,0.062
7/1/2005,15.19,0.094,17.503,0.063
8/1/2005,14.51,0.078,17.375,0.059
9/1/2005,13.217,0.08,16.903,0.059
10/1/2005,10.601,0.064,16.025,0.059
11/1/2005,7.423,0.068,15.005,0.058
12/1/2005,4.878,0.054,14.327,0.058
1/1/2006,3.286,0.064,13.99,0.059
2/1/2006,4.43,0.118,14.435,0.066
3/1/2006,6.329,0.077,14.966,0.062
4/1/2006,9.055,0.089,15.729,0.061
5/1/2006,11.786,0.092,16.463,0.06
6/1/2006,14.443,0.093,17.216,0.06
7/1/2006,15.042,0.116,17.419,0.063
8/1/2006,14.913,0.107,17.479,0.061
9/1/2006,12.875,0.104,16.792,0.062
10/1/2006,10.289,0.077,15.935,0.06
11/1/2006,6.955,0.078,14.931,0.058
12/1/2006,4.987,0.065,14.407,0.06
1/1/2007,4.579,0.059,14.417,0.057
2/1/2007,4.221,0.077,14.408,0.059
3/1/2007,6.485,0.113,15.017,0.065
4/1/2007,9.823,0.109,15.93,0.062
5/1/2007,12.518,0.07,16.629,0.055
6/1/2007,14.309,0.072,17.168,0.056
7/1/2007,15.23,0.115,17.485,0.061
8/1/2007,14.752,0.113,17.339,0.061
9/1/2007,12.93,0.102,16.737,0.059
10/1/2007,10.332,0.1,15.867,0.06
11/1/2007,7.084,0.085,14.821,0.057
12/1/2007,4.523,0.059,14.11,0.057
1/1/2008,2.844,0.059,13.719,0.057
2/1/2008,3.576,0.068,14.061,0.059
3/1/2008,6.906,0.099,15.077,0.063
4/1/2008,9.295,0.083,15.735,0.058
5/1/2008,12.054,0.071,16.497,0.055
6/1/2008,14.145,0.097,17.077,0.058
7/1/2008,15.174,0.072,17.449,0.054
8/1/2008,14.377,0.113,17.282,0.06
9/1/2008,12.802,0.087,16.757,0.057
10/1/2008,10.399,0.078,15.931,0.056
11/1/2008,7.224,0.064,14.919,0.054
12/1/2008,4.385,0.056,14.151,0.056
1/1/2009,3.687,0.078,14.091,0.058
2/1/2009,4.094,0.083,14.267,0.06
3/1/2009,6.086,0.058,14.873,0.06
4/1/2009,9.367,0.084,15.819,0.059
5/1/2009,12.112,0.104,16.571,0.06
6/1/2009,14.201,0.074,17.26,0.057
7/1/2009,15.231,0.148,17.578,0.067
8/1/2009,14.655,0.109,17.427,0.06
9/1/2009,13.153,0.05,16.864,0.053
10/1/2009,10.136,0.075,15.91,0.056
11/1/2009,7.031,0.087,14.968,0.057
12/1/2009,4.31,0.081,14.298,0.06
1/1/2010,3.737,0.079,14.208,0.06
2/1/2010,4.399,0.08,14.517,0.061
3/1/2010,6.738,0.057,15.223,0.059
4/1/2010,9.671,0.087,16.039,0.06
5/1/2010,12.406,0.078,16.732,0.057
6/1/2010,14.421,0.086,17.271,0.057
7/1/2010,15.213,0.09,17.532,0.057
8/1/2010,14.768,0.112,17.412,0.061
9/1/2010,12.863,0.065,16.761,0.054
10/1/2010,10.442,0.07,15.939,0.057
11/1/2010,7.487,0.102,14.995,0.06
12/1/2010,4.292,0.095,14.117,0.06
1/1/2011,3.282,0.082,13.928,0.059
2/1/2011,3.743,0.067,14.193,0.059
3/1/2011,6.101,0.064,14.88,0.06
4/1/2011,9.483,0.046,15.832,0.056
5/1/2011,11.986,0.056,16.523,0.056
6/1/2011,14.37,0.082,17.203,0.058
7/1/2011,15.482,0.113,17.568,0.062
8/1/2011,15.012,0.091,17.475,0.059
9/1/2011,12.912,0.083,16.762,0.057
10/1/2011,10.352,0.087,15.873,0.059
11/1/2011,6.814,0.107,14.799,0.06
12/1/2011,4.655,0.106,14.198,0.063
1/1/2012,3.157,0.085,13.859,0.06
2/1/2012,3.628,0.102,14.164,0.063
3/1/2012,6.023,0.054,14.863,0.061
4/1/2012,9.676,0.055,15.881,0.059
5/1/2012,12.59,0.109,16.699,0.064
6/1/2012,14.492,0.078,17.252,0.06
7/1/2012,15.076,0.076,17.45,0.06
8/1/2012,14.72,0.069,17.42,0.06
9/1/2012,13.04,0.069,16.882,0.06
10/1/2012,10.428,0.098,16.019,0.063
11/1/2012,7.156,0.116,15.001,0.064
12/1/2012,4.102,0.09,14.138,0.064
1/1/2013,3.685,0.097,14.117,0.064
2/1/2013,4.222,0.093,14.359,0.065
3/1/2013,6.261,0.09,14.952,0.066
4/1/2013,9.044,0.098,15.749,0.065
5/1/2013,12.195,0.104,16.609,0.065
6/1/2013,14.568,0.09,17.257,0.062
7/1/2013,15.003,0.126,17.503,0.068
8/1/2013,14.742,0.129,17.462,0.068
9/1/2013,13.154,0.104,16.894,0.064
10/1/2013,10.256,0.077,15.905,0.062
11/1/2013,7.424,0.079,15.107,0.062
12/1/2013,4.724,0.085,14.339,0.065
1/1/2014,3.732,0.075,14.136,0.064
2/1/2014,3.5,0.068,14.157,0.065
3/1/2014,6.378,0.098,15.09,0.068
4/1/2014,9.589,0.111,16.038,0.069
5/1/2014,12.582,0.068,16.804,0.059
6/1/2014,14.335,0.096,17.303,0.064
7/1/2014,14.873,0.078,17.508,0.061
8/1/2014,14.875,0.115,17.607,0.064
9/1/2014,13.091,0.086,16.975,0.059
10/1/2014,10.33,0.076,16.029,0.059
11/1/2014,6.713,0.121,14.899,0.064
12/1/2014,4.85,0.09,14.41,0.062
1/1/2015,3.881,0.13,14.255,0.066
2/1/2015,4.664,0.121,14.564,0.067
3/1/2015,6.74,0.06,15.193,0.061
4/1/2015,9.313,0.088,15.962,0.061
5/1/2015,12.312,0.081,16.774,0.058
6/1/2015,14.505,0.068,17.39,0.057
7/1/2015,15.051,0.086,17.611,0.058
8/1/2015,14.755,0.072,17.589,0.057
9/1/2015,12.999,0.079,17.049,0.058
10/1/2015,10.801,0.102,16.29,0.062
11/1/2015,7.433,0.119,15.252,0.063
12/1/2015,5.518,0.1,14.774,0.062
